phase,iter,step,train_total,train_pde,train_high_bc,test_total,test_pde,test_high_bc,block_loss_before,block_loss_after,block_delta_weights,block_finite,block_num_steps
adam,1,1,0.710164883226809,,,0.5641608862637872,,,,,,,
adam,2,2,0.5632740048821908,,,nan,,,,,,,
adam,3,3,0.3982595831310504,,,nan,,,,,,,
adam,4,4,0.39738321831134227,,,nan,,,,,,,
adam,5,5,0.39892797391544904,,,nan,,,,,,,
adam,6,6,0.3343761561380749,,,nan,,,,,,,
adam,7,7,0.25375985508174836,,,nan,,,,,,,
adam,8,8,0.22101440159107555,,,nan,,,,,,,
adam,9,9,0.22351212826412833,,,nan,,,,,,,
adam,10,10,0.20554134245640954,,,nan,,,,,,,
adam,11,11,0.16261402961360333,,,nan,,,,,,,
adam,12,12,0.12408731454875918,,,nan,,,,,,,
adam,13,13,0.10997370669537848,,,nan,,,,,,,
adam,14,14,0.10980610652230102,,,nan,,,,,,,
adam,15,15,0.10581470056613997,,,nan,,,,,,,
adam,16,16,0.09406916619827482,,,nan,,,,,,,
adam,17,17,0.08113436419067245,,,nan,,,,,,,
adam,18,18,0.07535766425513202,,,nan,,,,,,,
adam,19,19,0.0803162999685249,,,nan,,,,,,,
adam,20,20,0.08922374669085947,,,nan,,,,,,,
adam,21,21,0.0901687635790372,,,nan,,,,,,,
adam,22,22,0.08251127294133585,,,nan,,,,,,,
adam,23,23,0.0749991235079698,,,nan,,,,,,,
adam,24,24,0.07281627509700478,,,nan,,,,,,,
adam,25,25,0.07461265117304307,,,nan,,,,,,,
adam,26,26,0.07639665433382413,,,nan,,,,,,,
adam,27,27,0.07529351528414349,,,nan,,,,,,,
adam,28,28,0.07146202358257837,,,nan,,,,,,,
adam,29,29,0.06762054217120506,,,nan,,,,,,,
adam,30,30,0.06654128811276397,,,nan,,,,,,,
adam,31,31,0.06826647232900804,,,nan,,,,,,,
adam,32,32,0.06984820595566268,,,nan,,,,,,,
adam,33,33,0.06876452877285008,,,nan,,,,,,,
adam,34,34,0.06582273412244893,,,nan,,,,,,,
adam,35,35,0.06364511835026226,,,nan,,,,,,,
adam,36,36,0.06344144349706496,,,nan,,,,,,,
adam,37,37,0.0640594295451245,,,nan,,,,,,,
adam,38,38,0.06370640867258805,,,nan,,,,,,,
adam,39,39,0.06194162999661429,,,nan,,,,,,,
adam,40,40,0.059855850080542186,,,nan,,,,,,,
adam,41,41,0.05868899364508111,,,nan,,,,,,,
adam,42,42,0.05856937016900616,,,nan,,,,,,,
adam,43,43,0.05859081357082406,,,nan,,,,,,,
adam,44,44,0.057941950049889335,,,nan,,,,,,,
adam,45,45,0.056731235074889204,,,nan,,,,,,,
adam,46,46,0.05566767488097625,,,nan,,,,,,,
adam,47,47,0.05520222716287847,,,nan,,,,,,,
adam,48,48,0.05514961145003686,,,nan,,,,,,,
adam,49,49,0.05500935622725497,,,nan,,,,,,,
adam,50,50,0.05449523094625358,,,nan,,,,,,,
adam,51,51,0.053749027315601605,,,nan,,,,,,,
adam,52,52,0.053120574318055516,,,nan,,,,,,,
adam,53,53,0.052795345912284936,,,nan,,,,,,,
adam,54,54,0.05263470900139922,,,nan,,,,,,,
adam,55,55,0.052356304729807686,,,nan,,,,,,,
adam,56,56,0.0518426831453009,,,nan,,,,,,,
adam,57,57,0.05124201813823056,,,nan,,,,,,,
adam,58,58,0.050774851284448266,,,nan,,,,,,,
adam,59,59,0.05049112330363524,,,nan,,,,,,,
adam,60,60,0.05024114510750488,,,nan,,,,,,,
adam,61,61,0.0498644913757991,,,nan,,,,,,,
adam,62,62,0.049369106660407294,,,nan,,,,,,,
adam,63,63,0.04890223103493703,,,nan,,,,,,,
adam,64,64,0.04856407530525383,,,nan,,,,,,,
adam,65,65,0.04829560468753143,,,nan,,,,,,,
adam,66,66,0.04796987840745494,,,nan,,,,,,,
adam,67,67,0.04755735172935929,,,nan,,,,,,,
adam,68,68,0.04715017394707093,,,nan,,,,,,,
adam,69,69,0.04682925047855171,,,nan,,,,,,,
adam,70,70,0.046562696180454055,,,nan,,,,,,,
adam,71,71,0.04626400791197316,,,nan,,,,,,,
adam,72,72,0.045914909334611224,,,nan,,,,,,,
adam,73,73,0.04558125357970104,,,nan,,,,,,,
adam,74,74,0.045313678520786715,,,nan,,,,,,,
adam,75,75,0.04508264286598937,,,nan,,,,,,,
adam,76,76,0.04483128447435018,,,nan,,,,,,,
adam,77,77,0.044556820397269006,,,nan,,,,,,,
adam,78,78,0.04430495977093909,,,nan,,,,,,,
adam,79,79,0.04409808104343116,,,nan,,,,,,,
adam,80,80,0.043906406120880086,,,nan,,,,,,,
adam,81,81,0.04369660508598043,,,nan,,,,,,,
adam,82,82,0.04347793630166335,,,nan,,,,,,,
adam,83,83,0.043280000770757804,,,nan,,,,,,,
adam,84,84,0.04310466564355694,,,nan,,,,,,,
adam,85,85,0.04292621458458166,,,nan,,,,,,,
adam,86,86,0.042732107525167234,,,nan,,,,,,,
adam,87,87,0.04253851003035545,,,nan,,,,,,,
adam,88,88,0.04236138442316425,,,nan,,,,,,,
adam,89,89,0.04219243856814579,,,nan,,,,,,,
adam,90,90,0.042015788452482834,,,nan,,,,,,,
adam,91,91,0.04183429444848637,,,nan,,,,,,,
adam,92,92,0.0416629415015938,,,nan,,,,,,,
adam,93,93,0.04150411082713593,,,nan,,,,,,,
adam,94,94,0.04134651442274163,,,nan,,,,,,,
adam,95,95,0.04118599534311677,,,nan,,,,,,,
adam,96,96,0.041031621172262604,,,nan,,,,,,,
adam,97,97,0.04088923689847576,,,nan,,,,,,,
adam,98,98,0.04075248848103896,,,nan,,,,,,,
adam,99,99,0.04061524628070313,,,nan,,,,,,,
adam,100,100,0.040481627117995134,,,0.047001184923828924,,,,,,,
adam,101,101,0.040356939197739396,,,nan,,,,,,,
adam,102,102,0.04023788536885349,,,nan,,,,,,,
adam,103,103,0.04011902254228725,,,nan,,,,,,,
adam,104,104,0.040001895956349676,,,nan,,,,,,,
adam,105,105,0.03989064461509701,,,nan,,,,,,,
adam,106,106,0.039783812217221576,,,nan,,,,,,,
adam,107,107,0.039677379622733426,,,nan,,,,,,,
adam,108,108,0.039571961347381224,,,nan,,,,,,,
adam,109,109,0.03947062783622956,,,nan,,,,,,,
adam,110,110,0.03937273062005145,,,nan,,,,,,,
adam,111,111,0.0392755310788941,,,nan,,,,,,,
adam,112,112,0.03917941324583161,,,nan,,,,,,,
adam,113,113,0.03908658636757176,,,nan,,,,,,,
adam,114,114,0.03899665916664882,,,nan,,,,,,,
adam,115,115,0.03890773857973048,,,nan,,,,,,,
adam,116,116,0.038820132052114445,,,nan,,,,,,,
adam,117,117,0.0387352685430495,,,nan,,,,,,,
adam,118,118,0.03865262450853859,,,nan,,,,,,,
adam,119,119,0.038570815113239725,,,nan,,,,,,,
adam,120,120,0.03849010289385891,,,nan,,,,,,,
adam,121,121,0.03841129598116536,,,nan,,,,,,,
adam,122,122,0.038333749051704516,,,nan,,,,,,,
adam,123,123,0.038256508684274645,,,nan,,,,,,,
adam,124,124,0.03817987947989799,,,nan,,,,,,,
adam,125,125,0.038104276964951646,,,nan,,,,,,,
adam,126,126,0.03802908800842529,,,nan,,,,,,,
adam,127,127,0.037953799626067236,,,nan,,,,,,,
adam,128,128,0.03787877504354113,,,nan,,,,,,,
adam,129,129,0.03780418654251931,,,nan,,,,,,,
adam,130,130,0.03772953930287176,,,nan,,,,,,,
adam,131,131,0.03765463074079333,,,nan,,,,,,,
adam,132,132,0.03757975605552147,,,nan,,,,,,,
adam,133,133,0.0375048659705813,,,nan,,,,,,,
adam,134,134,0.03742956075939997,,,nan,,,,,,,
adam,135,135,0.037353783947791826,,,nan,,,,,,,
adam,136,136,0.03727768305908546,,,nan,,,,,,,
adam,137,137,0.0372010698662883,,,nan,,,,,,,
adam,138,138,0.037123657712388944,,,nan,,,,,,,
adam,139,139,0.03704545809536525,,,nan,,,,,,,
adam,140,140,0.03696649855883772,,,nan,,,,,,,
adam,141,141,0.03688656833509064,,,nan,,,,,,,
adam,142,142,0.036805514142721776,,,nan,,,,,,,
adam,143,143,0.036723376785281044,,,nan,,,,,,,
adam,144,144,0.03664011311900818,,,nan,,,,,,,
adam,145,145,0.036555552516176266,,,nan,,,,,,,
adam,146,146,0.03646963452723079,,,nan,,,,,,,
adam,147,147,0.03638237995388711,,,nan,,,,,,,
adam,148,148,0.03629370144570628,,,nan,,,,,,,
adam,149,149,0.03620347553558274,,,nan,,,,,,,
adam,150,150,0.0361116746997423,,,nan,,,,,,,
adam,151,151,0.03601826974155898,,,nan,,,,,,,
adam,152,152,0.03592314824001651,,,nan,,,,,,,
adam,153,153,0.03582621808477704,,,nan,,,,,,,
adam,154,154,0.03572744629711645,,,nan,,,,,,,
adam,155,155,0.03562676487692897,,,nan,,,,,,,
adam,156,156,0.03552406664041245,,,nan,,,,,,,
adam,157,157,0.035419281799790286,,,nan,,,,,,,
adam,158,158,0.03531235697095586,,,nan,,,,,,,
adam,159,159,0.035203197539615434,,,nan,,,,,,,
adam,160,160,0.03509170158085656,,,nan,,,,,,,
adam,161,161,0.03497779727510114,,,nan,,,,,,,
adam,162,162,0.03486140427279674,,,nan,,,,,,,
adam,163,163,0.03474241363166039,,,nan,,,,,,,
adam,164,164,0.034620722671768786,,,nan,,,,,,,
adam,165,165,0.03449623813396659,,,nan,,,,,,,
adam,166,166,0.0343688460837611,,,nan,,,,,,,
adam,167,167,0.034238420399183664,,,nan,,,,,,,
adam,168,168,0.03410484843702575,,,nan,,,,,,,
adam,169,169,0.03396802008341102,,,nan,,,,,,,
adam,170,170,0.033827812608636584,,,nan,,,,,,,
adam,171,171,0.033684104809187806,,,nan,,,,,,,
adam,172,172,0.03353678496634709,,,nan,,,,,,,
adam,173,173,0.03338573850895018,,,nan,,,,,,,
adam,174,174,0.03323085007874648,,,nan,,,,,,,
adam,175,175,0.03307202027146292,,,nan,,,,,,,
adam,176,176,0.0329091669104453,,,nan,,,,,,,
adam,177,177,0.032742218399600946,,,nan,,,,,,,
adam,178,178,0.03257112073164336,,,nan,,,,,,,
adam,179,179,0.032395846153399945,,,nan,,,,,,,
adam,180,180,0.032216392058824074,,,nan,,,,,,,
adam,181,181,0.032032785447306776,,,nan,,,,,,,
adam,182,182,0.03184509674539347,,,nan,,,,,,,
adam,183,183,0.031653446366879855,,,nan,,,,,,,
adam,184,184,0.03145800330857937,,,nan,,,,,,,
adam,185,185,0.031258988032114556,,,nan,,,,,,,
adam,186,186,0.031056676757921724,,,nan,,,,,,,
adam,187,187,0.030851400678075583,,,nan,,,,,,,
adam,188,188,0.030643546747646206,,,nan,,,,,,,
adam,189,189,0.030433562016226448,,,nan,,,,,,,
adam,190,190,0.03022195180776729,,,nan,,,,,,,
adam,191,191,0.030009270816885415,,,nan,,,,,,,
adam,192,192,0.029796115506401547,,,nan,,,,,,,
adam,193,193,0.029583118511845627,,,nan,,,,,,,
adam,194,194,0.029370942369602457,,,nan,,,,,,,
adam,195,195,0.029160275719704993,,,nan,,,,,,,
adam,196,196,0.028951831701101008,,,nan,,,,,,,
adam,197,197,0.02874634269877305,,,nan,,,,,,,
adam,198,198,0.02854455189948927,,,nan,,,,,,,
adam,199,199,0.02834720603609111,,,nan,,,,,,,
adam,200,200,0.02815504753866469,,,0.03160106199693006,,,,,,,
adam,201,201,0.027968802996959658,,,nan,,,,,,,
adam,202,202,0.02778916864266658,,,nan,,,,,,,
adam,203,203,0.027616791967989517,,,nan,,,,,,,
adam,204,204,0.027452248282109664,,,nan,,,,,,,
adam,205,205,0.02729601623292505,,,nan,,,,,,,
adam,206,206,0.02714845673745105,,,nan,,,,,,,
adam,207,207,0.02700979617909351,,,nan,,,,,,,
adam,208,208,0.02688011549236109,,,nan,,,,,,,
adam,209,209,0.026759347197405716,,,nan,,,,,,,
adam,210,210,0.026647279358355,,,nan,,,,,,,
adam,211,211,0.026543565182302397,,,nan,,,,,,,
adam,212,212,0.0264477382215171,,,nan,,,,,,,
adam,213,213,0.026359231396537158,,,nan,,,,,,,
adam,214,214,0.026277397666100093,,,nan,,,,,,,
adam,215,215,0.026201532355665958,,,nan,,,,,,,
adam,216,216,0.026130897227954166,,,nan,,,,,,,
adam,217,217,0.026064745621988517,,,nan,,,,,,,
adam,218,218,0.02600234855357115,,,nan,,,,,,,
adam,219,219,0.025943020708102837,,,nan,,,,,,,
adam,220,220,0.025886143523847712,,,nan,,,,,,,
adam,221,221,0.02583118304656574,,,nan,,,,,,,
adam,222,222,0.02577770116834444,,,nan,,,,,,,
adam,223,223,0.025725359257085138,,,nan,,,,,,,
adam,224,224,0.02567391468440108,,,nan,,,,,,,
adam,225,225,0.025623212070050375,,,nan,,,,,,,
adam,226,226,0.025573170921406426,,,nan,,,,,,,
adam,227,227,0.025523771313155388,,,nan,,,,,,,
adam,228,228,0.02547503923152383,,,nan,,,,,,,
adam,229,229,0.02542703238185912,,,nan,,,,,,,
adam,230,230,0.025379826902323578,,,nan,,,,,,,
adam,231,231,0.02533350569923002,,,nan,,,,,,,
adam,232,232,0.025288148907089344,,,nan,,,,,,,
adam,233,233,0.025243826707649866,,,nan,,,,,,,
adam,234,234,0.025200594679974146,,,nan,,,,,,,
adam,235,235,0.025158491388368537,,,nan,,,,,,,
adam,236,236,0.02511753755784974,,,nan,,,,,,,
adam,237,237,0.025077736376362205,,,nan,,,,,,,
adam,238,238,0.02503907458535774,,,nan,,,,,,,
adam,239,239,0.025001524078560218,,,nan,,,,,,,
adam,240,240,0.024965043966301812,,,nan,,,,,,,
adam,241,241,0.024929583068406935,,,nan,,,,,,,
adam,242,242,0.02489508262481245,,,nan,,,,,,,
adam,243,243,0.024861479023191895,,,nan,,,,,,,
adam,244,244,0.024828706343390555,,,nan,,,,,,,
adam,245,245,0.024796698492487182,,,nan,,,,,,,
adam,246,246,0.024765390872751387,,,nan,,,,,,,
adam,247,247,0.024734721669602482,,,nan,,,,,,,
adam,248,248,0.02470463283733169,,,nan,,,,,,,
adam,249,249,0.024675070863979298,,,nan,,,,,,,
adam,250,250,0.024645987352303483,,,nan,,,,,,,
adam,251,251,0.024617339347631786,,,nan,,,,,,,
adam,252,252,0.024589089359468325,,,nan,,,,,,,
adam,253,253,0.024561205102999115,,,nan,,,,,,,
adam,254,254,0.0245336590182082,,,nan,,,,,,,
adam,255,255,0.02450642766995035,,,nan,,,,,,,
adam,256,256,0.024479491143309613,,,nan,,,,,,,
adam,257,257,0.02445283247752554,,,nan,,,,,,,
adam,258,258,0.024426437139935298,,,nan,,,,,,,
adam,259,259,0.024400292541240532,,,nan,,,,,,,
adam,260,260,0.0243743875871542,,,nan,,,,,,,
adam,261,261,0.0243487122848837,,,nan,,,,,,,
adam,262,262,0.024323257442472143,,,nan,,,,,,,
adam,263,263,0.024298014466216364,,,nan,,,,,,,
adam,264,264,0.024272975231837305,,,nan,,,,,,,
adam,265,265,0.02424813199596799,,,nan,,,,,,,
adam,266,266,0.02422347730777567,,,nan,,,,,,,
adam,267,267,0.02419900390343197,,,nan,,,,,,,
adam,268,268,0.024174704598761657,,,nan,,,,,,,
adam,269,269,0.02415057219927296,,,nan,,,,,,,
adam,270,270,0.024126599442059412,,,nan,,,,,,,
adam,271,271,0.024102778975239325,,,nan,,,,,,,
adam,272,272,0.024079103362622988,,,nan,,,,,,,
adam,273,273,0.024055565099803694,,,nan,,,,,,,
adam,274,274,0.024032156637975408,,,nan,,,,,,,
adam,275,275,0.02400887041451347,,,nan,,,,,,,
adam,276,276,0.023985698892508116,,,nan,,,,,,,
adam,277,277,0.023962634609959167,,,nan,,,,,,,
adam,278,278,0.023939670229188675,,,nan,,,,,,,
adam,279,279,0.02391679857513699,,,nan,,,,,,,
adam,280,280,0.023894012656618852,,,nan,,,,,,,
adam,281,281,0.023871305669543826,,,nan,,,,,,,
adam,282,282,0.023848670988535117,,,nan,,,,,,,
adam,283,283,0.023826102155871113,,,nan,,,,,,,
adam,284,284,0.02380359287139997,,,nan,,,,,,,
adam,285,285,0.02378113698364073,,,nan,,,,,,,
adam,286,286,0.023758728480615027,,,nan,,,,,,,
adam,287,287,0.023736361478427313,,,nan,,,,,,,
adam,288,288,0.023714030209094822,,,nan,,,,,,,
adam,289,289,0.023691729010944986,,,nan,,,,,,,
adam,290,290,0.023669452323131487,,,nan,,,,,,,
adam,291,291,0.023647194684328778,,,nan,,,,,,,
adam,292,292,0.023624950733723834,,,nan,,,,,,,
adam,293,293,0.02360271521164944,,,nan,,,,,,,
adam,294,294,0.02358048295944457,,,nan,,,,,,,
adam,295,295,0.023558248919694432,,,nan,,,,,,,
adam,296,296,0.023536008138105975,,,nan,,,,,,,
adam,297,297,0.02351375576790222,,,nan,,,,,,,
adam,298,298,0.023491487075977903,,,nan,,,,,,,
adam,299,299,0.02346919744915841,,,nan,,,,,,,
adam,300,300,0.02344688239978036,,,0.026002003597894594,,,,,,,
adam,301,301,0.02342453757060231,,,nan,,,,,,,
adam,302,302,0.023402158739637323,,,nan,,,,,,,
adam,303,303,0.023379741825550304,,,nan,,,,,,,
adam,304,304,0.023357282893238736,,,nan,,,,,,,
adam,305,305,0.023334778158629055,,,nan,,,,,,,
adam,306,306,0.02331222399192423,,,nan,,,,,,,
adam,307,307,0.023289616918907054,,,nan,,,,,,,
adam,308,308,0.023266953620593483,,,nan,,,,,,,
adam,309,309,0.023244230931840228,,,nan,,,,,,,
adam,310,310,0.023221445839166972,,,nan,,,,,,,
adam,311,311,0.02319859547785846,,,nan,,,,,,,
adam,312,312,0.02317567712836867,,,nan,,,,,,,
adam,313,313,0.023152688212166338,,,nan,,,,,,,
adam,314,314,0.023129626287522773,,,nan,,,,,,,
adam,315,315,0.023106489045771637,,,nan,,,,,,,
adam,316,316,0.023083274308291563,,,nan,,,,,,,
adam,317,317,0.02305998002420678,,,nan,,,,,,,
adam,318,318,0.023036604268549817,,,nan,,,,,,,
adam,319,319,0.023013145240629435,,,nan,,,,,,,
adam,320,320,0.022989601262556194,,,nan,,,,,,,
adam,321,321,0.022965970777956035,,,nan,,,,,,,
adam,322,322,0.02294225235090031,,,nan,,,,,,,
adam,323,323,0.022918444665006428,,,nan,,,,,,,
adam,324,324,0.022894546522551157,,,nan,,,,,,,
adam,325,325,0.02287055684349104,,,nan,,,,,,,
adam,326,326,0.022846474664394465,,,nan,,,,,,,
adam,327,327,0.022822299137339977,,,nan,,,,,,,
adam,328,328,0.02279802952884275,,,nan,,,,,,,
adam,329,329,0.022773665218777134,,,nan,,,,,,,
adam,330,330,0.022749205699172048,,,nan,,,,,,,
adam,331,331,0.022724650572771073,,,nan,,,,,,,
adam,332,332,0.022699999551298172,,,nan,,,,,,,
adam,333,333,0.02267525245343599,,,nan,,,,,,,
adam,334,334,0.022650409202554733,,,nan,,,,,,,
adam,335,335,0.02262546982419077,,,nan,,,,,,,
adam,336,336,0.02260043444325014,,,nan,,,,,,,
adam,337,337,0.022575303280922256,,,nan,,,,,,,
adam,338,338,0.022550076651318158,,,nan,,,,,,,
adam,339,339,0.022524754957892495,,,nan,,,,,,,
adam,340,340,0.022499338689709915,,,nan,,,,,,,
adam,341,341,0.02247382841758424,,,nan,,,,,,,
adam,342,342,0.02244822479009519,,,nan,,,,,,,
adam,343,343,0.022422528529478118,,,nan,,,,,,,
adam,344,344,0.022396740427403417,,,nan,,,,,,,
adam,345,345,0.022370861340687095,,,nan,,,,,,,
adam,346,346,0.022344892186968338,,,nan,,,,,,,
adam,347,347,0.022318833940370618,,,nan,,,,,,,
adam,348,348,0.022292687627141795,,,nan,,,,,,,
adam,349,349,0.022266454321265564,,,nan,,,,,,,
adam,350,350,0.02224013514005689,,,nan,,,,,,,
adam,351,351,0.022213731239767127,,,nan,,,,,,,
adam,352,352,0.022187243811219066,,,nan,,,,,,,
adam,353,353,0.022160674075476738,,,nan,,,,,,,
adam,354,354,0.02213402327954174,,,nan,,,,,,,
adam,355,355,0.022107292692075932,,,nan,,,,,,,
adam,356,356,0.02208048359916427,,,nan,,,,,,,
adam,357,357,0.022053597300132916,,,nan,,,,,,,
adam,358,358,0.022026635103426687,,,nan,,,,,,,
adam,359,359,0.021999598322535823,,,nan,,,,,,,
adam,360,360,0.021972488271963457,,,nan,,,,,,,
adam,361,361,0.02194530626323985,,,nan,,,,,,,
adam,362,362,0.021918053600999365,,,nan,,,,,,,
adam,363,363,0.021890731579133973,,,nan,,,,,,,
adam,364,364,0.021863341477028144,,,nan,,,,,,,
adam,365,365,0.021835884555877743,,,nan,,,,,,,
adam,366,366,0.021808362055103232,,,nan,,,,,,,
adam,367,367,0.021780775188872344,,,nan,,,,,,,
adam,368,368,0.021753125142740297,,,nan,,,,,,,
adam,369,369,0.02172541307040312,,,nan,,,,,,,
adam,370,370,0.021697640090554433,,,nan,,,,,,,
adam,371,371,0.02166980728384453,,,nan,,,,,,,
adam,372,372,0.02164191568995164,,,nan,,,,,,,
adam,373,373,0.02161396630477908,,,nan,,,,,,,
adam,374,374,0.021585960077788936,,,nan,,,,,,,
adam,375,375,0.021557897909484536,,,nan,,,,,,,
adam,376,376,0.021529780649063735,,,nan,,,,,,,
adam,377,377,0.02150160909227382,,,nan,,,,,,,
adam,378,378,0.021473383979495386,,,nan,,,,,,,
adam,379,379,0.021445105994070585,,,nan,,,,,,,
adam,380,380,0.02141677576088221,,,nan,,,,,,,
adam,381,381,0.021388393845193292,,,nan,,,,,,,
adam,382,382,0.021359960751763364,,,nan,,,,,,,
adam,383,383,0.021331476924257485,,,nan,,,,,,,
adam,384,384,0.021302942744957535,,,nan,,,,,,,
adam,385,385,0.021274358534782822,,,nan,,,,,,,
adam,386,386,0.021245724553633917,,,nan,,,,,,,
adam,387,387,0.02121704100108166,,,nan,,,,,,,
adam,388,388,0.021188308017421255,,,nan,,,,,,,
adam,389,389,0.021159525685098955,,,nan,,,,,,,
adam,390,390,0.021130694030509857,,,nan,,,,,,,
adam,391,391,0.021101813026165397,,,nan,,,,,,,
adam,392,392,0.0210728825932344,,,nan,,,,,,,
adam,393,393,0.021043902604460298,,,nan,,,,,,,
adam,394,394,0.021014872887449937,,,nan,,,,,,,
adam,395,395,0.020985793228326277,,,nan,,,,,,,
adam,396,396,0.020956663375743718,,,nan,,,,,,,
adam,397,397,0.020927483045272824,,,nan,,,,,,,
adam,398,398,0.020898251924160446,,,nan,,,,,,,
adam,399,399,0.020868969676461464,,,nan,,,,,,,
adam,400,400,0.02083963594853135,,,0.023211445245780532,,,,,,,
adam,401,401,0.02081025037486923,,,nan,,,,,,,
adam,402,402,0.020780812584304812,,,nan,,,,,,,
adam,403,403,0.02075132220652011,,,nan,,,,,,,
adam,404,404,0.020721778878889534,,,nan,,,,,,,
adam,405,405,0.020692182253619747,,,nan,,,,,,,
adam,406,406,0.0206625320051763,,,nan,,,,,,,
adam,407,407,0.020632827837989965,,,nan,,,,,,,
adam,408,408,0.020603069494434145,,,nan,,,,,,,
adam,409,409,0.020573256763056776,,,nan,,,,,,,
adam,410,410,0.02054338948704594,,,nan,,,,,,,
adam,411,411,0.020513467572909956,,,nan,,,,,,,
adam,412,412,0.02048349099935458,,,nan,,,,,,,
adam,413,413,0.020453459826335695,,,nan,,,,,,,
adam,414,414,0.020423374204260505,,,nan,,,,,,,
adam,415,415,0.0203932343833095,,,nan,,,,,,,
adam,416,416,0.020363040722857266,,,nan,,,,,,,
adam,417,417,0.020332793700973354,,,nan,,,,,,,
adam,418,418,0.02030249392398134,,,nan,,,,,,,
adam,419,419,0.02027214213604886,,,nan,,,,,,,
adam,420,420,0.020241739228780087,,,nan,,,,,,,
adam,421,421,0.020211286250783896,,,nan,,,,,,,
adam,422,422,0.02018078441718945,,,nan,,,,,,,
adam,423,423,0.020150235119075648,,,nan,,,,,,,
adam,424,424,0.02011963993277626,,,nan,,,,,,,
adam,425,425,0.02008900062902321,,,nan,,,,,,,
adam,426,426,0.020058319181892787,,,nan,,,,,,,
adam,427,427,0.02002759777751782,,,nan,,,,,,,
adam,428,428,0.019996838822523313,,,nan,,,,,,,
adam,429,429,0.01996604495213883,,,nan,,,,,,,
adam,430,430,0.01993521903793918,,,nan,,,,,,,
adam,431,431,0.01990436419516349,,,nan,,,,,,,
adam,432,432,0.019873483789556747,,,nan,,,,,,,
adam,433,433,0.019842581443671937,,,nan,,,,,,,
adam,434,434,0.019811661042567055,,,nan,,,,,,,
adam,435,435,0.01978072673883127,,,nan,,,,,,,
adam,436,436,0.01974978295687265,,,nan,,,,,,,
adam,437,437,0.019718834396395383,,,nan,,,,,,,
adam,438,438,0.019687886034990228,,,nan,,,,,,,
adam,439,439,0.01965694312976065,,,nan,,,,,,,
adam,440,440,0.019626011217906383,,,nan,,,,,,,
adam,441,441,0.019595096116184596,,,nan,,,,,,,
adam,442,442,0.01956420391916615,,,nan,,,,,,,
adam,443,443,0.019533340996204976,,,nan,,,,,,,
adam,444,444,0.019502513987042214,,,nan,,,,,,,
adam,445,445,0.019471729795971962,,,nan,,,,,,,
adam,446,446,0.019440995584499545,,,nan,,,,,,,
adam,447,447,0.019410318762429178,,,nan,,,,,,,
adam,448,448,0.01937970697732667,,,nan,,,,,,,
adam,449,449,0.019349168102314126,,,nan,,,,,,,
adam,450,450,0.019318710222165508,,,nan,,,,,,,
adam,451,451,0.01928834161768423,,,nan,,,,,,,
adam,452,452,0.019258070748359803,,,nan,,,,,,,
adam,453,453,0.019227906233319228,,,nan,,,,,,,
adam,454,454,0.01919785683060968,,,nan,,,,,,,
adam,455,455,0.019167931414870006,,,nan,,,,,,,
adam,456,456,0.019138138953470673,,,nan,,,,,,,
adam,457,457,0.01910848848122608,,,nan,,,,,,,
adam,458,458,0.01907898907380807,,,nan,,,,,,,
adam,459,459,0.019049649820013823,,,nan,,,,,,,
adam,460,460,0.019020479793064395,,,nan,,,,,,,
adam,461,461,0.018991488021133256,,,nan,,,,,,,
adam,462,462,0.018962683457326397,,,nan,,,,,,,
adam,463,463,0.018934074949355825,,,nan,,,,,,,
adam,464,464,0.018905671209164393,,,nan,,,,,,,
adam,465,465,0.01887748078277295,,,nan,,,,,,,
adam,466,466,0.018849512020629983,,,nan,,,,,,,
adam,467,467,0.018821773048747933,,,nan,,,,,,,
adam,468,468,0.018794271740908447,,,nan,,,,,,,
adam,469,469,0.01876701569221074,,,nan,,,,,,,
adam,470,470,0.018740012194222864,,,nan,,,,,,,
adam,471,471,0.018713268211975914,,,nan,,,,,,,
adam,472,472,0.01868679036301467,,,nan,,,,,,,
adam,473,473,0.01866058489868449,,,nan,,,,,,,
adam,474,474,0.018634657687796072,,,nan,,,,,,,
adam,475,475,0.018609014202765832,,,nan,,,,,,,
adam,476,476,0.018583659508282033,,,nan,,,,,,,
adam,477,477,0.018558598252495746,,,nan,,,,,,,
adam,478,478,0.018533834660683115,,,nan,,,,,,,
adam,479,479,0.018509372531273525,,,nan,,,,,,,
adam,480,480,0.018485215234088352,,,nan,,,,,,,
adam,481,481,0.018461365710588675,,,nan,,,,,,,
adam,482,482,0.018437826475889655,,,nan,,,,,,,
adam,483,483,0.018414599622266204,,,nan,,,,,,,
adam,484,484,0.018391686823850822,,,nan,,,,,,,
adam,485,485,0.018369089342211056,,,nan,,,,,,,
adam,486,486,0.01834680803249194,,,nan,,,,,,,
adam,487,487,0.018324843349819802,,,nan,,,,,,,
adam,488,488,0.01830319535568698,,,nan,,,,,,,
adam,489,489,0.018281863724073148,,,nan,,,,,,,
adam,490,490,0.018260847747106138,,,nan,,,,,,,
adam,491,491,0.018240146340122543,,,nan,,,,,,,
adam,492,492,0.018219758046053917,,,nan,,,,,,,
adam,493,493,0.018199681039135492,,,nan,,,,,,,
adam,494,494,0.018179913128007787,,,nan,,,,,,,
adam,495,495,0.018160451758354353,,,nan,,,,,,,
adam,496,496,0.018141294015287995,,,nan,,,,,,,
adam,497,497,0.01812243662575938,,,nan,,,,,,,
adam,498,498,0.018103875961313194,,,nan,,,,,,,
adam,499,499,0.018085608041554256,,,nan,,,,,,,
adam,500,500,0.01806762853870797,,,0.020237126284304487,,,,,,,
adam,501,501,0.018049932783663805,,,nan,,,,,,,
adam,502,502,0.01803251577387614,,,nan,,,,,,,
adam,503,503,0.018015372183464183,,,nan,,,,,,,
adam,504,504,0.01799849637580237,,,nan,,,,,,,
adam,505,505,0.017981882418826565,,,nan,,,,,,,
adam,506,506,0.01796552410320182,,,nan,,,,,,,
adam,507,507,0.01794941496340802,,,nan,,,,,,,
adam,508,508,0.017933548301703486,,,nan,,,,,,,
adam,509,509,0.01791791721482887,,,nan,,,,,,,
adam,510,510,0.017902514623217118,,,nan,,,,,,,
adam,511,511,0.01788733330238551,,,nan,,,,,,,
adam,512,512,0.017872365916105745,,,nan,,,,,,,
adam,513,513,0.017857605050881416,,,nan,,,,,,,
adam,514,514,0.017843043251212002,,,nan,,,,,,,
adam,515,515,0.01782867305508986,,,nan,,,,,,,
adam,516,516,0.017814487029163373,,,nan,,,,,,,
adam,517,517,0.017800477803005265,,,nan,,,,,,,
adam,518,518,0.017786638101949206,,,nan,,,,,,,
adam,519,519,0.017772960777999114,,,nan,,,,,,,
adam,520,520,0.01775943883837109,,,nan,,,,,,,
adam,521,521,0.01774606547129594,,,nan,,,,,,,
adam,522,522,0.017732834068786507,,,nan,,,,,,,
adam,523,523,0.017719738246156004,,,nan,,,,,,,
adam,524,524,0.017706771858157524,,,nan,,,,,,,
adam,525,525,0.017693929011697463,,,nan,,,,,,,
adam,526,526,0.017681204075154514,,,nan,,,,,,,
adam,527,527,0.01766859168440752,,,nan,,,,,,,
adam,528,528,0.017656086745738854,,,nan,,,,,,,
adam,529,529,0.017643684435833168,,,nan,,,,,,,
adam,530,530,0.01763138019913302,,,nan,,,,,,,
adam,531,531,0.01761916974284373,,,nan,,,,,,,
adam,532,532,0.017607049029898732,,,nan,,,,,,,
adam,533,533,0.017595014270205316,,,nan,,,,,,,
adam,534,534,0.017583061910489393,,,nan,,,,,,,
adam,535,535,0.01757118862304805,,,nan,,,,,,,
adam,536,536,0.017559391293702056,,,nan,,,,,,,
adam,537,537,0.01754766700921799,,,nan,,,,,,,
adam,538,538,0.017536013044443566,,,nan,,,,,,,
adam,539,539,0.01752442684937084,,,nan,,,,,,,
adam,540,540,0.017512906036312125,,,nan,,,,,,,
adam,541,541,0.01750144836734367,,,nan,,,,,,,
adam,542,542,0.017490051742143232,,,nan,,,,,,,
adam,543,543,0.017478714186320764,,,nan,,,,,,,
adam,544,544,0.017467433840316817,,,nan,,,,,,,
adam,545,545,0.017456208948921387,,,nan,,,,,,,
adam,546,546,0.01744503785144704,,,nan,,,,,,,
adam,547,547,0.017433918972574184,,,nan,,,,,,,
adam,548,548,0.01742285081387322,,,nan,,,,,,,
adam,549,549,0.017411831945997835,,,nan,,,,,,,
adam,550,550,0.01740086100153567,,,nan,,,,,,,
adam,551,551,0.017389936668496392,,,nan,,,,,,,
adam,552,552,0.017379057684412943,,,nan,,,,,,,
adam,553,553,0.017368222831028783,,,nan,,,,,,,
adam,554,554,0.017357430929541978,,,nan,,,,,,,
adam,555,555,0.017346680836375885,,,nan,,,,,,,
adam,556,556,0.017335971439445638,,,nan,,,,,,,
adam,557,557,0.017325301654889408,,,nan,,,,,,,
adam,558,558,0.017314670424233364,,,nan,,,,,,,
adam,559,559,0.017304076711959562,,,nan,,,,,,,
adam,560,560,0.017293519503445747,,,nan,,,,,,,
adam,561,561,0.01728299780324676,,,nan,,,,,,,
adam,562,562,0.017272510633686844,,,nan,,,,,,,
adam,563,563,0.017262057033732955,,,nan,,,,,,,
adam,564,564,0.01725163605811897,,,nan,,,,,,,
adam,565,565,0.01724124677669151,,,nan,,,,,,,
adam,566,566,0.01723088827394845,,,nan,,,,,,,
adam,567,567,0.017220559648741987,,,nan,,,,,,,
adam,568,568,0.017210260014119204,,,nan,,,,,,,
adam,569,569,0.017199988497274228,,,nan,,,,,,,
adam,570,570,0.017189744239587534,,,nan,,,,,,,
adam,571,571,0.017179526396729622,,,nan,,,,,,,
adam,572,572,0.017169334138808313,,,nan,,,,,,,
adam,573,573,0.01715916665054072,,,nan,,,,,,,
adam,574,574,0.017149023131433457,,,nan,,,,,,,
adam,575,575,0.017138902795956687,,,nan,,,,,,,
adam,576,576,0.01712880487369999,,,nan,,,,,,,
adam,577,577,0.017118728609500474,,,nan,,,,,,,
adam,578,578,0.017108673263535556,,,nan,,,,,,,
adam,579,579,0.01709863811137509,,,nan,,,,,,,
adam,580,580,0.017088622443989576,,,nan,,,,,,,
adam,581,581,0.017078625567712676,,,nan,,,,,,,
adam,582,582,0.01706864680415821,,,nan,,,,,,,
adam,583,583,0.017058685490092807,,,nan,,,,,,,
adam,584,584,0.017048740977266767,,,nan,,,,,,,
adam,585,585,0.017038812632206364,,,nan,,,,,,,
adam,586,586,0.017028899835971608,,,nan,,,,,,,
adam,587,587,0.01701900198388389,,,nan,,,,,,,
adam,588,588,0.017009118485228115,,,nan,,,,,,,
adam,589,589,0.016999248762934138,,,nan,,,,,,,
adam,590,590,0.016989392253242076,,,nan,,,,,,,
adam,591,591,0.016979548405356128,,,nan,,,,,,,
adam,592,592,0.016969716681090916,,,nan,,,,,,,
adam,593,593,0.01695989655451443,,,nan,,,,,,,
adam,594,594,0.01695008751159083,,,nan,,,,,,,
adam,595,595,0.01694028904982634,,,nan,,,,,,,
adam,596,596,0.01693050067792069,,,nan,,,,,,,
adam,597,597,0.01692072191542644,,,nan,,,,,,,
adam,598,598,0.016910952292417906,,,nan,,,,,,,
adam,599,599,0.016901191349171125,,,nan,,,,,,,
adam,600,600,0.016891438635855925,,,0.019077524264455283,,,,,,,
adam,601,601,0.016881693712240874,,,nan,,,,,,,
adam,602,602,0.016871956147411556,,,nan,,,,,,,
adam,603,603,0.01686222551950249,,,nan,,,,,,,
adam,604,604,0.016852501415442644,,,nan,,,,,,,
adam,605,605,0.016842783430714495,,,nan,,,,,,,
adam,606,606,0.016833071169126326,,,nan,,,,,,,
adam,607,607,0.01682336424259742,,,nan,,,,,,,
adam,608,608,0.01681366227095568,,,nan,,,,,,,
adam,609,609,0.016803964881747183,,,nan,,,,,,,
adam,610,610,0.016794271710057054,,,nan,,,,,,,
adam,611,611,0.01678458239834117,,,nan,,,,,,,
adam,612,612,0.016774896596268064,,,nan,,,,,,,
adam,613,613,0.01676521396057043,,,nan,,,,,,,
adam,614,614,0.01675553415490569,,,nan,,,,,,,
adam,615,615,0.016745856849725096,,,nan,,,,,,,
adam,616,616,0.01673618172215078,,,nan,,,,,,,
adam,617,617,0.016726508455860385,,,nan,,,,,,,
adam,618,618,0.01671683674097873,,,nan,,,,,,,
adam,619,619,0.016707166273976146,,,nan,,,,,,,
adam,620,620,0.016697496757573142,,,nan,,,,,,,
adam,621,621,0.016687827900651056,,,nan,,,,,,,
adam,622,622,0.016678159418168356,,,nan,,,,,,,
adam,623,623,0.01666849103108246,,,nan,,,,,,,
adam,624,624,0.016658822466276757,,,nan,,,,,,,
adam,625,625,0.01664915345649265,,,nan,,,,,,,
adam,626,626,0.016639483740266532,,,nan,,,,,,,
adam,627,627,0.016629813061871494,,,nan,,,,,,,
adam,628,628,0.016620141171263658,,,nan,,,,,,,
adam,629,629,0.016610467824033075,,,nan,,,,,,,
adam,630,630,0.016600792781359036,,,nan,,,,,,,
adam,631,631,0.016591115809969793,,,nan,,,,,,,
adam,632,632,0.016581436682106567,,,nan,,,,,,,
adam,633,633,0.01657175517549178,,,nan,,,,,,,
adam,634,634,0.01656207107330152,,,nan,,,,,,,
adam,635,635,0.016552384164142037,,,nan,,,,,,,
adam,636,636,0.016542694242030413,,,nan,,,,,,,
adam,637,637,0.016533001106379147,,,nan,,,,,,,
adam,638,638,0.01652330456198475,,,nan,,,,,,,
adam,639,639,0.016513604419020188,,,nan,,,,,,,
adam,640,640,0.016503900493031187,,,nan,,,,,,,
adam,641,641,0.016494192604936307,,,nan,,,,,,,
adam,642,642,0.016484480581030685,,,nan,,,,,,,
adam,643,643,0.016474764252993504,,,nan,,,,,,,
adam,644,644,0.01646504345789899,,,nan,,,,,,,
adam,645,645,0.01645531803823095,,,nan,,,,,,,
adam,646,646,0.01644558784190079,,,nan,,,,,,,
adam,647,647,0.01643585272226895,,,nan,,,,,,,
adam,648,648,0.016426112538169682,,,nan,,,,,,,
adam,649,649,0.016416367153939113,,,nan,,,,,,,
adam,650,650,0.016406616439446554,,,nan,,,,,,,
adam,651,651,0.016396860270129043,,,nan,,,,,,,
adam,652,652,0.016387098527028944,,,nan,,,,,,,
adam,653,653,0.016377331096834723,,,nan,,,,,,,
adam,654,654,0.016367557871924676,,,nan,,,,,,,
adam,655,655,0.016357778750413755,,,nan,,,,,,,
adam,656,656,0.01634799363620325,,,nan,,,,,,,
adam,657,657,0.016338202439033434,,,nan,,,,,,,
adam,658,658,0.016328405074539063,,,nan,,,,,,,
adam,659,659,0.016318601464307678,,,nan,,,,,,,
adam,660,660,0.01630879153594074,,,nan,,,,,,,
adam,661,661,0.016298975223117403,,,nan,,,,,,,
adam,662,662,0.01628915246566111,,,nan,,,,,,,
adam,663,663,0.01627932320960872,,,nan,,,,,,,
adam,664,664,0.016269487407282273,,,nan,,,,,,,
adam,665,665,0.01625964501736334,,,nan,,,,,,,
adam,666,666,0.0162497960049698,,,nan,,,,,,,
adam,667,667,0.01623994034173509,,,nan,,,,,,,
adam,668,668,0.016230078005889798,,,nan,,,,,,,
adam,669,669,0.016220208982345583,,,nan,,,,,,,
adam,670,670,0.016210333262781276,,,nan,,,,,,,
adam,671,671,0.016200450845731164,,,nan,,,,,,,
adam,672,672,0.01619056173667528,,,nan,,,,,,,
adam,673,673,0.016180665948131695,,,nan,,,,,,,
adam,674,674,0.016170763499750624,,,nan,,,,,,,
adam,675,675,0.016160854418410257,,,nan,,,,,,,
adam,676,676,0.016150938738314233,,,nan,,,,,,,
adam,677,677,0.016141016501090573,,,nan,,,,,,,
adam,678,678,0.01613108775589195,,,nan,,,,,,,
adam,679,679,0.016121152559497115,,,nan,,,,,,,
adam,680,680,0.016111210976413413,,,nan,,,,,,,
adam,681,681,0.016101263078980056,,,nan,,,,,,,
adam,682,682,0.01609130894747212,,,nan,,,,,,,
adam,683,683,0.01608134867020499,,,nan,,,,,,,
adam,684,684,0.016071382343639036,,,nan,,,,,,,
adam,685,685,0.016061410072484374,,,nan,,,,,,,
adam,686,686,0.016051431969805425,,,nan,,,,,,,
adam,687,687,0.016041448157125007,,,nan,,,,,,,
adam,688,688,0.016031458764527783,,,nan,,,,,,,
adam,689,689,0.016021463930762772,,,nan,,,,,,,
adam,690,690,0.016011463803344585,,,nan,,,,,,,
adam,691,691,0.016001458538653163,,,nan,,,,,,,
adam,692,692,0.015991448302031742,,,nan,,,,,,,
adam,693,693,0.01598143326788261,,,nan,,,,,,,
adam,694,694,0.015971413619760462,,,nan,,,,,,,
adam,695,695,0.015961389550462925,,,nan,,,,,,,
adam,696,696,0.015951361262117932,,,nan,,,,,,,
adam,697,697,0.0159413289662676,,,nan,,,,,,,
adam,698,698,0.01593129288394816,,,nan,,,,,,,
adam,699,699,0.015921253245765665,,,nan,,,,,,,
adam,700,700,0.015911210291966925,,,0.018145396388626514,,,,,,,
adam,701,701,0.015901164272505403,,,nan,,,,,,,
adam,702,702,0.015891115447101523,,,nan,,,,,,,
adam,703,703,0.01588106408529701,,,nan,,,,,,,
adam,704,704,0.01587101046650282,,,nan,,,,,,,
adam,705,705,0.01586095488004014,,,nan,,,,,,,
adam,706,706,0.01585089762517407,,,nan,,,,,,,
adam,707,707,0.015840839011139404,,,nan,,,,,,,
adam,708,708,0.015830779357158133,,,nan,,,,,,,
adam,709,709,0.01582071899244806,,,nan,,,,,,,
adam,710,710,0.015810658256222146,,,nan,,,,,,,
adam,711,711,0.015800597497677978,,,nan,,,,,,,
adam,712,712,0.01579053707597689,,,nan,,,,,,,
adam,713,713,0.015780477360212247,,,nan,,,,,,,
adam,714,714,0.015770418729366343,,,nan,,,,,,,
adam,715,715,0.01576036157225543,,,nan,,,,,,,
adam,716,716,0.015750306287462375,,,nan,,,,,,,
adam,717,717,0.015740253283256418,,,nan,,,,,,,
adam,718,718,0.01573020297749956,,,nan,,,,,,,
adam,719,719,0.015720155797539128,,,nan,,,,,,,
adam,720,720,0.015710112180085986,,,nan,,,,,,,
adam,721,721,0.015700072571078,,,nan,,,,,,,
adam,722,722,0.015690037425528287,,,nan,,,,,,,
adam,723,723,0.015680007207357856,,,nan,,,,,,,
adam,724,724,0.015669982389212234,,,nan,,,,,,,
adam,725,725,0.015659963452261737,,,nan,,,,,,,
adam,726,726,0.015649950885985038,,,nan,,,,,,,
adam,727,727,0.015639945187935694,,,nan,,,,,,,
adam,728,728,0.015629946863491465,,,nan,,,,,,,
adam,729,729,0.015619956425586126,,,nan,,,,,,,
adam,730,730,0.015609974394423529,,,nan,,,,,,,
adam,731,731,0.015600001297173968,,,nan,,,,,,,
adam,732,732,0.015590037667652521,,,nan,,,,,,,
adam,733,733,0.015580084045979511,,,nan,,,,,,,
adam,734,734,0.015570140978223016,,,nan,,,,,,,
adam,735,735,0.015560209016023499,,,nan,,,,,,,
adam,736,736,0.01555028871620073,,,nan,,,,,,,
adam,737,737,0.015540380640343143,,,nan,,,,,,,
adam,738,738,0.015530485354379939,,,nan,,,,,,,
adam,739,739,0.015520603428136234,,,nan,,,,,,,
adam,740,740,0.015510735434871643,,,nan,,,,,,,
adam,741,741,0.015500881950802809,,,nan,,,,,,,
adam,742,742,0.015491043554610347,,,nan,,,,,,,
adam,743,743,0.015481220826930939,,,nan,,,,,,,
adam,744,744,0.01547141434983514,,,nan,,,,,,,
adam,745,745,0.015461624706291768,,,nan,,,,,,,
adam,746,746,0.015451852479619698,,,nan,,,,,,,
adam,747,747,0.015442098252927961,,,nan,,,,,,,
adam,748,748,0.015432362608545167,,,nan,,,,,,,
adam,749,749,0.015422646127439361,,,nan,,,,,,,
adam,750,750,0.01541294938862941,,,nan,,,,,,,
adam,751,751,0.015403272968589172,,,nan,,,,,,,
adam,752,752,0.015393617440645753,,,nan,,,,,,,
adam,753,753,0.015383983374373165,,,nan,,,,,,,
adam,754,754,0.015374371334982855,,,nan,,,,,,,
adam,755,755,0.015364781882712553,,,nan,,,,,,,
adam,756,756,0.01535521557221494,,,nan,,,,,,,
adam,757,757,0.015345672951947801,,,nan,,,,,,,
adam,758,758,0.015336154563567166,,,nan,,,,,,,
adam,759,759,0.015326660941325189,,,nan,,,,,,,
adam,760,760,0.015317192611474365,,,nan,,,,,,,
adam,761,761,0.015307750091679857,,,nan,,,,,,,
adam,762,762,0.015298333890441542,,,nan,,,,,,,
adam,763,763,0.015288944506527664,,,nan,,,,,,,
adam,764,764,0.015279582428421482,,,nan,,,,,,,
adam,765,765,0.015270248133783167,,,nan,,,,,,,
adam,766,766,0.015260942088927634,,,nan,,,,,,,
adam,767,767,0.015251664748321708,,,nan,,,,,,,
adam,768,768,0.015242416554099,,,nan,,,,,,,
adam,769,769,0.015233197935600136,,,nan,,,,,,,
adam,770,770,0.015224009308928253,,,nan,,,,,,,
adam,771,771,0.015214851076545535,,,nan,,,,,,,
adam,772,772,0.015205723626867881,,,nan,,,,,,,
adam,773,773,0.015196627333976814,,,nan,,,,,,,
adam,774,774,0.015187562557321826,,,nan,,,,,,,
adam,775,775,0.015178529642271817,,,nan,,,,,,,
adam,776,776,0.015169528922488273,,,nan,,,,,,,
adam,777,777,0.015160560736130958,,,nan,,,,,,,
adam,778,778,0.015151625500702887,,,nan,,,,,,,
adam,779,779,0.01514272411539232,,,nan,,,,,,,
adam,780,780,0.01513386001996972,,,nan,,,,,,,
adam,781,781,0.01512505025930966,,,nan,,,,,,,
adam,782,782,0.015116384986712165,,,nan,,,,,,,
adam,783,783,0.015108358284353692,,,nan,,,,,,,
adam,784,784,0.01510369010841063,,,nan,,,,,,,
adam,785,785,0.015117924095803072,,,nan,,,,,,,
adam,786,786,0.015231293321723408,,,nan,,,,,,,
adam,787,787,0.015855057017660257,,,nan,,,,,,,
adam,788,788,0.017443605496786002,,,nan,,,,,,,
adam,789,789,0.021070877608939657,,,nan,,,,,,,
adam,790,790,0.015445793797858914,,,nan,,,,,,,
adam,791,791,0.017474601329597942,,,nan,,,,,,,
adam,792,792,0.021279278628952392,,,nan,,,,,,,
adam,793,793,0.015466779091545257,,,nan,,,,,,,
adam,794,794,0.02408832073841255,,,nan,,,,,,,
adam,795,795,0.02085544341163647,,,nan,,,,,,,
adam,796,796,0.021581758090545747,,,nan,,,,,,,
adam,797,797,0.017592270524633007,,,nan,,,,,,,
adam,798,798,0.01904707235781606,,,nan,,,,,,,
adam,799,799,0.018666346741311533,,,nan,,,,,,,
adam,800,800,0.01971584456518516,,,0.018302860875736553,,,,,,,
adam,801,801,0.01605299222507703,,,nan,,,,,,,
adam,802,802,0.01973029205079228,,,nan,,,,,,,
adam,803,803,0.016373983318072417,,,nan,,,,,,,
adam,804,804,0.019153069910235736,,,nan,,,,,,,
adam,805,805,0.01545250624569727,,,nan,,,,,,,
adam,806,806,0.019078554080693717,,,nan,,,,,,,
adam,807,807,0.01536552567859789,,,nan,,,,,,,
adam,808,808,0.017767658385283294,,,nan,,,,,,,
adam,809,809,0.015820209331818148,,,nan,,,,,,,
adam,810,810,0.01692938993177172,,,nan,,,,,,,
adam,811,811,0.015714479048867625,,,nan,,,,,,,
adam,812,812,0.016247817992104823,,,nan,,,,,,,
adam,813,813,0.01610405259635763,,,nan,,,,,,,
adam,814,814,0.015546529846997378,,,nan,,,,,,,
adam,815,815,0.016076982064736886,,,nan,,,,,,,
adam,816,816,0.01539671460543524,,,nan,,,,,,,
adam,817,817,0.016019454419562165,,,nan,,,,,,,
adam,818,818,0.015121446965054523,,,nan,,,,,,,
adam,819,819,0.015959228688787283,,,nan,,,,,,,
adam,820,820,0.015100608743610817,,,nan,,,,,,,
adam,821,821,0.01575786275356857,,,nan,,,,,,,
adam,822,822,0.015041670149383027,,,nan,,,,,,,
adam,823,823,0.015664035312515787,,,nan,,,,,,,
adam,824,824,0.015025601375369796,,,nan,,,,,,,
adam,825,825,0.015490501423249411,,,nan,,,,,,,
adam,826,826,0.015023768800080804,,,nan,,,,,,,
adam,827,827,0.015396985788376305,,,nan,,,,,,,
adam,828,828,0.015002528193355843,,,nan,,,,,,,
adam,829,829,0.015277133196544359,,,nan,,,,,,,
adam,830,830,0.015010119498587542,,,nan,,,,,,,
adam,831,831,0.015199216452351384,,,nan,,,,,,,
adam,832,832,0.014991020779561862,,,nan,,,,,,,
adam,833,833,0.015124393088625919,,,nan,,,,,,,
adam,834,834,0.01499314801263844,,,nan,,,,,,,
adam,835,835,0.01506666644217406,,,nan,,,,,,,
adam,836,836,0.014974326237964432,,,nan,,,,,,,
adam,837,837,0.015020293204130473,,,nan,,,,,,,
adam,838,838,0.01496628383917015,,,nan,,,,,,,
adam,839,839,0.014979733112386193,,,nan,,,,,,,
adam,840,840,0.014946735762041355,,,nan,,,,,,,
adam,841,841,0.014950682224053694,,,nan,,,,,,,
adam,842,842,0.014932227975512812,,,nan,,,,,,,
adam,843,843,0.014923572926617713,,,nan,,,,,,,
adam,844,844,0.014913150768832411,,,nan,,,,,,,
adam,845,845,0.014903974372336896,,,nan,,,,,,,
adam,846,846,0.014896907660506187,,,nan,,,,,,,
adam,847,847,0.01488501362668729,,,nan,,,,,,,
adam,848,848,0.014879246557622784,,,nan,,,,,,,
adam,849,849,0.014870005770984343,,,nan,,,,,,,
adam,850,850,0.01486362499679111,,,nan,,,,,,,
adam,851,851,0.014855052985501287,,,nan,,,,,,,
adam,852,852,0.014847599518690443,,,nan,,,,,,,
adam,853,853,0.014841911105993725,,,nan,,,,,,,
adam,854,854,0.014833073762707944,,,nan,,,,,,,
adam,855,855,0.01482866501394001,,,nan,,,,,,,
adam,856,856,0.014818378872015417,,,nan,,,,,,,
adam,857,857,0.014816154046960257,,,nan,,,,,,,
adam,858,858,0.01480489037697648,,,nan,,,,,,,
adam,859,859,0.014803663103730451,,,nan,,,,,,,
adam,860,860,0.014791538635502557,,,nan,,,,,,,
adam,861,861,0.014791484153168742,,,nan,,,,,,,
adam,862,862,0.014779102316818256,,,nan,,,,,,,
adam,863,863,0.014779439164451862,,,nan,,,,,,,
adam,864,864,0.014766947387074951,,,nan,,,,,,,
adam,865,865,0.014767462026994756,,,nan,,,,,,,
adam,866,866,0.014755426972543138,,,nan,,,,,,,
adam,867,867,0.01475570771402001,,,nan,,,,,,,
adam,868,868,0.014744218840586227,,,nan,,,,,,,
adam,869,869,0.014743944090146758,,,nan,,,,,,,
adam,870,870,0.014733394142234997,,,nan,,,,,,,
adam,871,871,0.01473239137696232,,,nan,,,,,,,
adam,872,872,0.014722821000364384,,,nan,,,,,,,
adam,873,873,0.014720869333830227,,,nan,,,,,,,
adam,874,874,0.01471243341030323,,,nan,,,,,,,
adam,875,875,0.014709528372072353,,,nan,,,,,,,
adam,876,876,0.01470219983339996,,,nan,,,,,,,
adam,877,877,0.01469832636084353,,,nan,,,,,,,
adam,878,878,0.014692022774132615,,,nan,,,,,,,
adam,879,879,0.014687322578365643,,,nan,,,,,,,
adam,880,880,0.014681902107785205,,,nan,,,,,,,
adam,881,881,0.014676547751913231,,,nan,,,,,,,
adam,882,882,0.014671770951471264,,,nan,,,,,,,
adam,883,883,0.014665995620121525,,,nan,,,,,,,
adam,884,884,0.014661633501263153,,,nan,,,,,,,
adam,885,885,0.014655686372019057,,,nan,,,,,,,
adam,886,886,0.014651489210466821,,,nan,,,,,,,
adam,887,887,0.014645581586183735,,,nan,,,,,,,
adam,888,888,0.014641341689530006,,,nan,,,,,,,
adam,889,889,0.01463564603558466,,,nan,,,,,,,
adam,890,890,0.014631230719772207,,,nan,,,,,,,
adam,891,891,0.014625837317937982,,,nan,,,,,,,
adam,892,892,0.01462117908665698,,,nan,,,,,,,
adam,893,893,0.01461610665493162,,,nan,,,,,,,
adam,894,894,0.014611225581728131,,,nan,,,,,,,
adam,895,895,0.014606423343503911,,,nan,,,,,,,
adam,896,896,0.014601393845058864,,,nan,,,,,,,
adam,897,897,0.014596766475575293,,,nan,,,,,,,
adam,898,898,0.01459169027619655,,,nan,,,,,,,
adam,899,899,0.014587129698747958,,,nan,,,,,,,
adam,900,900,0.014582109087377145,,,0.016973796488951552,,,,,,,
adam,901,901,0.014577526656483694,,,nan,,,,,,,
adam,902,902,0.01457262843075915,,,nan,,,,,,,
adam,903,903,0.0145679766394637,,,nan,,,,,,,
adam,904,904,0.014563222154086617,,,nan,,,,,,,
adam,905,905,0.014558501643641562,,,nan,,,,,,,
adam,906,906,0.014553868107753956,,,nan,,,,,,,
adam,907,907,0.014549116711895493,,,nan,,,,,,,
adam,908,908,0.0145445537818213,,,nan,,,,,,,
adam,909,909,0.014539824042498234,,,nan,,,,,,,
adam,910,910,0.014535280145024058,,,nan,,,,,,,
adam,911,911,0.01453061468088564,,,nan,,,,,,,
adam,912,912,0.014526058217679801,,,nan,,,,,,,
adam,913,913,0.014521473323324405,,,nan,,,,,,,
adam,914,914,0.014516901118848518,,,nan,,,,,,,
adam,915,915,0.014512385071035874,,,nan,,,,,,,
adam,916,916,0.014507817715113511,,,nan,,,,,,,
adam,917,917,0.014503342639596175,,,nan,,,,,,,
adam,918,918,0.014498807885612891,,,nan,,,,,,,
adam,919,919,0.014494348102180966,,,nan,,,,,,,
adam,920,920,0.014489863984495248,,,nan,,,,,,,
adam,921,921,0.014485408751844654,,,nan,,,,,,,
adam,922,922,0.014480975780669057,,,nan,,,,,,,
adam,923,923,0.014476531715919597,,,nan,,,,,,,
adam,924,924,0.01447213630301876,,,nan,,,,,,,
adam,925,925,0.014467718721177933,,,nan,,,,,,,
adam,926,926,0.014463345092337114,,,nan,,,,,,,
adam,927,927,0.014458965479762373,,,nan,,,,,,,
adam,928,928,0.014454606192069962,,,nan,,,,,,,
adam,929,929,0.014450265272857456,,,nan,,,,,,,
adam,930,930,0.014445923823109812,,,nan,,,,,,,
adam,931,931,0.014441613414601241,,,nan,,,,,,,
adam,932,932,0.014437298576296392,,,nan,,,,,,,
adam,933,933,0.014433009611219124,,,nan,,,,,,,
adam,934,934,0.01442872699584626,,,nan,,,,,,,
adam,935,935,0.014424456442036592,,,nan,,,,,,,
adam,936,936,0.014420204548085715,,,nan,,,,,,,
adam,937,937,0.014415955870715695,,,nan,,,,,,,
adam,938,938,0.01441172886579755,,,nan,,,,,,,
adam,939,939,0.014407506969598229,,,nan,,,,,,,
adam,940,940,0.014403300497596467,,,nan,,,,,,,
adam,941,941,0.01439910665932884,,,nan,,,,,,,
adam,942,942,0.014394920960286007,,,nan,,,,,,,
adam,943,943,0.014390752265905943,,,nan,,,,,,,
adam,944,944,0.014386590322328422,,,nan,,,,,,,
adam,945,945,0.014382443191980955,,,nan,,,,,,,
adam,946,946,0.014378306673839054,,,nan,,,,,,,
adam,947,947,0.014374180210635804,,,nan,,,,,,,
adam,948,948,0.014370067751280536,,,nan,,,,,,,
adam,949,949,0.014365963496252044,,,nan,,,,,,,
adam,950,950,0.01436187257466173,,,nan,,,,,,,
adam,951,951,0.014357791769143246,,,nan,,,,,,,
adam,952,952,0.01435372134303562,,,nan,,,,,,,
adam,953,953,0.014349663236588473,,,nan,,,,,,,
adam,954,954,0.014345614081960004,,,nan,,,,,,,
adam,955,955,0.014341576923528823,,,nan,,,,,,,
adam,956,956,0.01433754979093451,,,nan,,,,,,,
adam,957,957,0.014333532763350173,,,nan,,,,,,,
adam,958,958,0.014329527050411989,,,nan,,,,,,,
adam,959,959,0.014325530572830586,,,nan,,,,,,,
adam,960,960,0.014321545038059942,,,nan,,,,,,,
adam,961,961,0.01431756944444832,,,nan,,,,,,,
adam,962,962,0.014313603546761016,,,nan,,,,,,,
adam,963,963,0.014309648243875891,,,nan,,,,,,,
adam,964,964,0.01430570221708488,,,nan,,,,,,,
adam,965,965,0.014301766313457316,,,nan,,,,,,,
adam,966,966,0.014297840185398442,,,nan,,,,,,,
adam,967,967,0.01429392337287576,,,nan,,,,,,,
adam,968,968,0.014290016545371258,,,nan,,,,,,,
adam,969,969,0.014286118926099867,,,nan,,,,,,,
adam,970,970,0.01428223078535569,,,nan,,,,,,,
adam,971,971,0.014278352159988723,,,nan,,,,,,,
adam,972,972,0.014274482552040058,,,nan,,,,,,,
adam,973,973,0.014270622369835227,,,nan,,,,,,,
adam,974,974,0.014266771257038322,,,nan,,,,,,,
adam,975,975,0.014262929131758613,,,nan,,,,,,,
adam,976,976,0.014259096178126316,,,nan,,,,,,,
adam,977,977,0.014255272013903858,,,nan,,,,,,,
adam,978,978,0.014251456776625187,,,nan,,,,,,,
adam,979,979,0.014247650399234991,,,nan,,,,,,,
adam,980,980,0.014243852656199757,,,nan,,,,,,,
adam,981,981,0.014240063691764171,,,nan,,,,,,,
adam,982,982,0.014236283316167442,,,nan,,,,,,,
adam,983,983,0.014232511460475963,,,nan,,,,,,,
adam,984,984,0.014228748178991094,,,nan,,,,,,,
adam,985,985,0.014224993278922184,,,nan,,,,,,,
adam,986,986,0.014221246773229227,,,nan,,,,,,,
adam,987,987,0.014217508627121697,,,nan,,,,,,,
adam,988,988,0.014213778699812921,,,nan,,,,,,,
adam,989,989,0.014210057019369001,,,nan,,,,,,,
adam,990,990,0.014206343500855811,,,nan,,,,,,,
adam,991,991,0.014202638058778895,,,nan,,,,,,,
adam,992,992,0.01419894070251947,,,nan,,,,,,,
adam,993,993,0.01419525133356422,,,nan,,,,,,,
adam,994,994,0.014191569903802223,,,nan,,,,,,,
adam,995,995,0.014187896397485873,,,nan,,,,,,,
adam,996,996,0.014184230723365134,,,nan,,,,,,,
adam,997,997,0.01418057285149733,,,nan,,,,,,,
adam,998,998,0.014176922747041167,,,nan,,,,,,,
adam,999,999,0.014173280333038567,,,nan,,,,,,,
adam,1000,1000,0.014169645585128872,,,0.016614378426712453,,,,,,,
adam,1001,1001,0.045627501114784426,,,nan,,,,,,,
adam,1002,1002,0.04298418106442563,,,nan,,,,,,,
adam,1003,1003,0.04214965073232286,,,nan,,,,,,,
adam,1004,1004,0.04281338671039391,,,nan,,,,,,,
adam,1005,1005,0.042463444074970484,,,nan,,,,,,,
adam,1006,1006,0.04230832445221283,,,nan,,,,,,,
adam,1007,1007,0.041393396748185055,,,nan,,,,,,,
adam,1008,1008,0.0415030910777619,,,nan,,,,,,,
adam,1009,1009,0.04131318628577485,,,nan,,,,,,,
adam,1010,1010,0.04124799017412934,,,nan,,,,,,,
adam,1011,1011,0.041245431244615716,,,nan,,,,,,,
adam,1012,1012,0.041054315806887946,,,nan,,,,,,,
adam,1013,1013,0.04093141904977069,,,nan,,,,,,,
adam,1014,1014,0.040361294120930216,,,nan,,,,,,,
adam,1015,1015,0.040803436986579386,,,nan,,,,,,,
adam,1016,1016,0.04044459496960539,,,nan,,,,,,,
adam,1017,1017,0.040782651513648877,,,nan,,,,,,,
adam,1018,1018,0.04013531985233387,,,nan,,,,,,,
adam,1019,1019,0.040588185052789966,,,nan,,,,,,,
adam,1020,1020,0.04000192821987356,,,nan,,,,,,,
adam,1021,1021,0.0403755928510867,,,nan,,,,,,,
adam,1022,1022,0.03998074549481201,,,nan,,,,,,,
adam,1023,1023,0.04026442116333959,,,nan,,,,,,,
adam,1024,1024,0.03983960022533089,,,nan,,,,,,,
adam,1025,1025,0.040000269790347875,,,nan,,,,,,,
adam,1026,1026,0.03977442390300364,,,nan,,,,,,,
adam,1027,1027,0.03991940169401166,,,nan,,,,,,,
adam,1028,1028,0.03975064074582856,,,nan,,,,,,,
adam,1029,1029,0.03979455785519388,,,nan,,,,,,,
adam,1030,1030,0.03967539386159287,,,nan,,,,,,,
adam,1031,1031,0.039648489449494784,,,nan,,,,,,,
adam,1032,1032,0.039609897464132036,,,nan,,,,,,,
adam,1033,1033,0.03957307747279498,,,nan,,,,,,,
adam,1034,1034,0.039558129086936296,,,nan,,,,,,,
adam,1035,1035,0.03946713307241969,,,nan,,,,,,,
adam,1036,1036,0.03947396739378419,,,nan,,,,,,,
adam,1037,1037,0.039392932299775585,,,nan,,,,,,,
adam,1038,1038,0.03941830335954046,,,nan,,,,,,,
adam,1039,1039,0.03933980188959854,,,nan,,,,,,,
adam,1040,1040,0.03936022771348141,,,nan,,,,,,,
adam,1041,1041,0.039273813803164526,,,nan,,,,,,,
adam,1042,1042,0.03928455000775247,,,nan,,,,,,,
adam,1043,1043,0.03921654258263338,,,nan,,,,,,,
adam,1044,1044,0.039231238423611176,,,nan,,,,,,,
adam,1045,1045,0.0391674067324353,,,nan,,,,,,,
adam,1046,1046,0.03916782109516649,,,nan,,,,,,,
adam,1047,1047,0.03911034502875904,,,nan,,,,,,,
adam,1048,1048,0.0391102242436856,,,nan,,,,,,,
adam,1049,1049,0.039062613830983334,,,nan,,,,,,,
adam,1050,1050,0.03905835622531065,,,nan,,,,,,,
adam,1051,1051,0.03901348564308958,,,nan,,,,,,,
adam,1052,1052,0.03900210480072741,,,nan,,,,,,,
adam,1053,1053,0.038961237590261585,,,nan,,,,,,,
adam,1054,1054,0.03894986222429507,,,nan,,,,,,,
adam,1055,1055,0.03891563453612153,,,nan,,,,,,,
adam,1056,1056,0.038901413505321385,,,nan,,,,,,,
adam,1057,1057,0.03886750940374415,,,nan,,,,,,,
adam,1058,1058,0.03885077065816222,,,nan,,,,,,,
adam,1059,1059,0.03882033466006661,,,nan,,,,,,,
adam,1060,1060,0.03880381869835746,,,nan,,,,,,,
adam,1061,1061,0.038774874960592814,,,nan,,,,,,,
adam,1062,1062,0.038756480302324155,,,nan,,,,,,,
adam,1063,1063,0.03872817101848104,,,nan,,,,,,,
adam,1064,1064,0.038709667796100175,,,nan,,,,,,,
adam,1065,1065,0.03868349673169612,,,nan,,,,,,,
adam,1066,1066,0.03866526111031048,,,nan,,,,,,,
adam,1067,1067,0.03863991248811637,,,nan,,,,,,,
adam,1068,1068,0.038620676079196135,,,nan,,,,,,,
adam,1069,1069,0.038595859753662295,,,nan,,,,,,,
adam,1070,1070,0.03857672573956179,,,nan,,,,,,,
adam,1071,1071,0.03855305733798534,,,nan,,,,,,,
adam,1072,1072,0.03853375720310742,,,nan,,,,,,,
adam,1073,1073,0.038510274599203406,,,nan,,,,,,,
adam,1074,1074,0.03849069667187902,,,nan,,,,,,,
adam,1075,1075,0.0384679942046566,,,nan,,,,,,,
adam,1076,1076,0.0384486575236565,,,nan,,,,,,,
adam,1077,1077,0.03842653243206792,,,nan,,,,,,,
adam,1078,1078,0.038406854945217006,,,nan,,,,,,,
adam,1079,1079,0.03838504858036397,,,nan,,,,,,,
adam,1080,1080,0.03836530993037575,,,nan,,,,,,,
adam,1081,1081,0.038344146575142804,,,nan,,,,,,,
adam,1082,1082,0.038324455322038514,,,nan,,,,,,,
adam,1083,1083,0.038303669194942214,,,nan,,,,,,,
adam,1084,1084,0.03828384244642435,,,nan,,,,,,,
adam,1085,1085,0.038263440343371626,,,nan,,,,,,,
adam,1086,1086,0.038243664707192045,,,nan,,,,,,,
adam,1087,1087,0.03822368904360015,,,nan,,,,,,,
adam,1088,1088,0.038203880299256865,,,nan,,,,,,,
adam,1089,1089,0.03818414458537049,,,nan,,,,,,,
adam,1090,1090,0.038164352261037406,,,nan,,,,,,,
adam,1091,1091,0.03814491990403253,,,nan,,,,,,,
adam,1092,1092,0.03812528218290468,,,nan,,,,,,,
adam,1093,1093,0.03810606687423026,,,nan,,,,,,,
adam,1094,1094,0.03808651850492609,,,nan,,,,,,,
adam,1095,1095,0.038067433263837346,,,nan,,,,,,,
adam,1096,1096,0.038048048990800706,,,nan,,,,,,,
adam,1097,1097,0.03802910927136256,,,nan,,,,,,,
adam,1098,1098,0.03800991036687322,,,nan,,,,,,,
adam,1099,1099,0.03799103544188008,,,nan,,,,,,,
adam,1100,1100,0.03797201780537264,,,0.018815429179981316,,,,,,,
adam,1101,1101,0.03795322667614223,,,nan,,,,,,,
adam,1102,1102,0.03793442567634824,,,nan,,,,,,,
adam,1103,1103,0.0379157234349337,,,nan,,,,,,,
adam,1104,1104,0.037897089798826014,,,nan,,,,,,,
adam,1105,1105,0.03787846583352945,,,nan,,,,,,,
adam,1106,1106,0.037859990351753914,,,nan,,,,,,,
adam,1107,1107,0.03784148770188804,,,nan,,,,,,,
adam,1108,1108,0.03782315600398376,,,nan,,,,,,,
adam,1109,1109,0.0378047776880896,,,nan,,,,,,,
adam,1110,1110,0.03778655270396317,,,nan,,,,,,,
adam,1111,1111,0.03776831695537122,,,nan,,,,,,,
adam,1112,1112,0.03775019830612037,,,nan,,,,,,,
adam,1113,1113,0.03773210960558104,,,nan,,,,,,,
adam,1114,1114,0.03771408437841728,,,nan,,,,,,,
adam,1115,1115,0.03769612707420651,,,nan,,,,,,,
adam,1116,1116,0.03767820405342814,,,nan,,,,,,,
adam,1117,1117,0.037660376868823696,,,nan,,,,,,,
adam,1118,1118,0.03764256943111306,,,nan,,,,,,,
adam,1119,1119,0.0376248552197859,,,nan,,,,,,,
adam,1120,1120,0.037607164708445565,,,nan,,,,,,,
adam,1121,1121,0.03758955332621047,,,nan,,,,,,,
adam,1122,1122,0.037571987863771805,,,nan,,,,,,,
adam,1123,1123,0.037554478901971916,,,nan,,,,,,,
adam,1124,1124,0.03753703115082427,,,nan,,,,,,,
adam,1125,1125,0.037519624113453734,,,nan,,,,,,,
adam,1126,1126,0.03750228800404005,,,nan,,,,,,,
adam,1127,1127,0.03748499054722514,,,nan,,,,,,,
adam,1128,1128,0.03746776047291567,,,nan,,,,,,,
adam,1129,1129,0.037450573788889434,,,nan,,,,,,,
adam,1130,1130,0.03743344319247911,,,nan,,,,,,,
adam,1131,1131,0.037416366594077835,,,nan,,,,,,,
adam,1132,1132,0.037399337614186096,,,nan,,,,,,,
adam,1133,1133,0.03738236836767424,,,nan,,,,,,,
adam,1134,1134,0.03736544249211219,,,nan,,,,,,,
adam,1135,1135,0.03734857429484906,,,nan,,,,,,,
adam,1136,1136,0.03733175328018895,,,nan,,,,,,,
adam,1137,1137,0.037314984787338634,,,nan,,,,,,,
adam,1138,1138,0.03729826811536621,,,nan,,,,,,,
adam,1139,1139,0.03728159845168512,,,nan,,,,,,,
adam,1140,1140,0.03726498282090293,,,nan,,,,,,,
adam,1141,1141,0.03724841334243692,,,nan,,,,,,,
adam,1142,1142,0.037231896449484665,,,nan,,,,,,,
adam,1143,1143,0.03721542807170143,,,nan,,,,,,,
adam,1144,1144,0.03719900810858114,,,nan,,,,,,,
adam,1145,1145,0.037182638667589044,,,nan,,,,,,,
adam,1146,1146,0.037166315933001834,,,nan,,,,,,,
adam,1147,1147,0.03715004381967611,,,nan,,,,,,,
adam,1148,1148,0.03713381877485862,,,nan,,,,,,,
adam,1149,1149,0.037117642198699154,,,nan,,,,,,,
adam,1150,1150,0.037101514197098895,,,nan,,,,,,,
adam,1151,1151,0.03708543296286128,,,nan,,,,,,,
adam,1152,1152,0.03706940073436943,,,nan,,,,,,,
adam,1153,1153,0.037053415128574616,,,nan,,,,,,,
adam,1154,1154,0.03703747715742349,,,nan,,,,,,,
adam,1155,1155,0.03702158655179721,,,nan,,,,,,,
adam,1156,1156,0.037005742466047625,,,nan,,,,,,,
adam,1157,1157,0.03698994607324525,,,nan,,,,,,,
adam,1158,1158,0.03697419587175346,,,nan,,,,,,,
adam,1159,1159,0.036958492537368166,,,nan,,,,,,,
adam,1160,1160,0.036942835877448746,,,nan,,,,,,,
adam,1161,1161,0.0369272252235806,,,nan,,,,,,,
adam,1162,1162,0.036911661290228735,,,nan,,,,,,,
adam,1163,1163,0.03689614320519087,,,nan,,,,,,,
adam,1164,1164,0.036880671173974554,,,nan,,,,,,,
adam,1165,1165,0.03686524520456678,,,nan,,,,,,,
adam,1166,1166,0.03684986483936713,,,nan,,,,,,,
adam,1167,1167,0.036834530459324916,,,nan,,,,,,,
adam,1168,1168,0.03681924158203058,,,nan,,,,,,,
adam,1169,1169,0.03680399823042216,,,nan,,,,,,,
adam,1170,1170,0.03678880050215137,,,nan,,,,,,,
adam,1171,1171,0.036773647984467916,,,nan,,,,,,,
adam,1172,1172,0.036758540877050265,,,nan,,,,,,,
adam,1173,1173,0.03674347898011589,,,nan,,,,,,,
adam,1174,1174,0.03672846211591988,,,nan,,,,,,,
adam,1175,1175,0.03671349041955119,,,nan,,,,,,,
adam,1176,1176,0.03669856364964538,,,nan,,,,,,,
adam,1177,1177,0.03668368180208687,,,nan,,,,,,,
adam,1178,1178,0.03666884484963882,,,nan,,,,,,,
adam,1179,1179,0.03665405262286203,,,nan,,,,,,,
adam,1180,1180,0.03663930517577358,,,nan,,,,,,,
adam,1181,1181,0.0366246023927394,,,nan,,,,,,,
adam,1182,1182,0.03660994418851608,,,nan,,,,,,,
adam,1183,1183,0.03659533057956669,,,nan,,,,,,,
adam,1184,1184,0.036580761433317475,,,nan,,,,,,,
adam,1185,1185,0.03656623673515452,,,nan,,,,,,,
adam,1186,1186,0.03655175646506819,,,nan,,,,,,,
adam,1187,1187,0.036537320506363324,,,nan,,,,,,,
adam,1188,1188,0.036522928861173,,,nan,,,,,,,
adam,1189,1189,0.03650858148297129,,,nan,,,,,,,
adam,1190,1190,0.036494278283483686,,,nan,,,,,,,
adam,1191,1191,0.03648001925776192,,,nan,,,,,,,
adam,1192,1192,0.03646580434342142,,,nan,,,,,,,
adam,1193,1193,0.036451633474290805,,,nan,,,,,,,
adam,1194,1194,0.03643750664022974,,,nan,,,,,,,
adam,1195,1195,0.036423423783473546,,,nan,,,,,,,
adam,1196,1196,0.03640938485381722,,,nan,,,,,,,
adam,1197,1197,0.0363953898311482,,,nan,,,,,,,
adam,1198,1198,0.03638143866046402,,,nan,,,,,,,
adam,1199,1199,0.03636753129886092,,,nan,,,,,,,
adam,1200,1200,0.036353667716852014,,,0.018558245811445714,,,,,,,
adam,1201,1201,0.036339847860273305,,,nan,,,,,,,
adam,1202,1202,0.03632607168815434,,,nan,,,,,,,
adam,1203,1203,0.03631233916567149,,,nan,,,,,,,
adam,1204,1204,0.036298650243836314,,,nan,,,,,,,
adam,1205,1205,0.03628500488316731,,,nan,,,,,,,
adam,1206,1206,0.03627140304419086,,,nan,,,,,,,
adam,1207,1207,0.03625784467986002,,,nan,,,,,,,
adam,1208,1208,0.03624432974813695,,,nan,,,,,,,
adam,1209,1209,0.036230858206229295,,,nan,,,,,,,
adam,1210,1210,0.03621743000681768,,,nan,,,,,,,
adam,1211,1211,0.036204045104187274,,,nan,,,,,,,
adam,1212,1212,0.036190703454578046,,,nan,,,,,,,
adam,1213,1213,0.03617740501044012,,,nan,,,,,,,
adam,1214,1214,0.036164149724189215,,,nan,,,,,,,
adam,1215,1215,0.03615093755022607,,,nan,,,,,,,
adam,1216,1216,0.03613776843809653,,,nan,,,,,,,
adam,1217,1217,0.03612464233693951,,,nan,,,,,,,
adam,1218,1218,0.0361115591969638,,,nan,,,,,,,
adam,1219,1219,0.03609851896417975,,,nan,,,,,,,
adam,1220,1220,0.036085521583305344,,,nan,,,,,,,
adam,1221,1221,0.03607256700067291,,,nan,,,,,,,
adam,1222,1222,0.036059655159873236,,,nan,,,,,,,
adam,1223,1223,0.03604678600160131,,,nan,,,,,,,
adam,1224,1224,0.036033959468927956,,,nan,,,,,,,
adam,1225,1225,0.036021175501267266,,,nan,,,,,,,
adam,1226,1226,0.036008434034655354,,,nan,,,,,,,
adam,1227,1227,0.03599573500728535,,,nan,,,,,,,
adam,1228,1228,0.03598307835315252,,,nan,,,,,,,
adam,1229,1229,0.035970464003550556,,,nan,,,,,,,
adam,1230,1230,0.035957891890806205,,,nan,,,,,,,
adam,1231,1231,0.03594536194419938,,,nan,,,,,,,
adam,1232,1232,0.035932874089969286,,,nan,,,,,,,
adam,1233,1233,0.035920428254669394,,,nan,,,,,,,
adam,1234,1234,0.035908024361754276,,,nan,,,,,,,
adam,1235,1235,0.03589566233157609,,,nan,,,,,,,
adam,1236,1236,0.03588334208415746,,,nan,,,,,,,
adam,1237,1237,0.03587106353590568,,,nan,,,,,,,
adam,1238,1238,0.035858826601382655,,,nan,,,,,,,
adam,1239,1239,0.035846631193385804,,,nan,,,,,,,
adam,1240,1240,0.03583447722184329,,,nan,,,,,,,
adam,1241,1241,0.03582236459486385,,,nan,,,,,,,
adam,1242,1242,0.0358102932182669,,,nan,,,,,,,
adam,1243,1243,0.035798262994595334,,,nan,,,,,,,
adam,1244,1244,0.03578627382476925,,,nan,,,,,,,
adam,1245,1245,0.035774325606778644,,,nan,,,,,,,
adam,1246,1246,0.035762418235284116,,,nan,,,,,,,
adam,1247,1247,0.03575055160345326,,,nan,,,,,,,
adam,1248,1248,0.03573872560104871,,,nan,,,,,,,
adam,1249,1249,0.035726940115166604,,,nan,,,,,,,
adam,1250,1250,0.035715195030599896,,,nan,,,,,,,
adam,1251,1251,0.03570349022910896,,,nan,,,,,,,
adam,1252,1252,0.035691825589388416,,,nan,,,,,,,
adam,1253,1253,0.035680200987985945,,,nan,,,,,,,
adam,1254,1254,0.035668616297482206,,,nan,,,,,,,
adam,1255,1255,0.0356570713887183,,,nan,,,,,,,
adam,1256,1256,0.03564556612862238,,,nan,,,,,,,
adam,1257,1257,0.035634100382084456,,,nan,,,,,,,
adam,1258,1258,0.03562267401005612,,,nan,,,,,,,
adam,1259,1259,0.03561128687239004,,,nan,,,,,,,
adam,1260,1260,0.035599938823195655,,,nan,,,,,,,
adam,1261,1261,0.03558862971818008,,,nan,,,,,,,
adam,1262,1262,0.035577359404931286,,,nan,,,,,,,
adam,1263,1263,0.035566127737909806,,,nan,,,,,,,
adam,1264,1264,0.03555493456162004,,,nan,,,,,,,
adam,1265,1265,0.03554377974465951,,,nan,,,,,,,
adam,1266,1266,0.03553266315521492,,,nan,,,,,,,
adam,1267,1267,0.03552158476379034,,,nan,,,,,,,
adam,1268,1268,0.035510544661339294,,,nan,,,,,,,
adam,1269,1269,0.03549954349675165,,,nan,,,,,,,
adam,1270,1270,0.035488583079059416,,,nan,,,,,,,
adam,1271,1271,0.035477668966842756,,,nan,,,,,,,
adam,1272,1272,0.03546681651187716,,,nan,,,,,,,
adam,1273,1273,0.035456069930355,,,nan,,,,,,,
adam,1274,1274,0.03544555829183997,,,nan,,,,,,,
adam,1275,1275,0.035435652469412465,,,nan,,,,,,,
adam,1276,1276,0.035427513970009636,,,nan,,,,,,,
adam,1277,1277,0.03542441172362326,,,nan,,,,,,,
adam,1278,1278,0.03543778711551693,,,nan,,,,,,,
adam,1279,1279,0.03549597243896187,,,nan,,,,,,,
adam,1280,1280,0.03572210376276965,,,nan,,,,,,,
adam,1281,1281,0.036259867562256305,,,nan,,,,,,,
adam,1282,1282,0.038226901914463984,,,nan,,,,,,,
adam,1283,1283,0.03840521524641249,,,nan,,,,,,,
adam,1284,1284,0.04049542973037639,,,nan,,,,,,,
adam,1285,1285,0.035667396866103464,,,nan,,,,,,,
adam,1286,1286,0.03735845409796396,,,nan,,,,,,,
adam,1287,1287,0.04209511532775213,,,nan,,,,,,,
adam,1288,1288,0.035654965784568206,,,nan,,,,,,,
adam,1289,1289,0.04554786391230273,,,nan,,,,,,,
adam,1290,1290,0.048812095389300876,,,nan,,,,,,,
adam,1291,1291,0.05017671424613226,,,nan,,,,,,,
adam,1292,1292,0.0365151738985027,,,nan,,,,,,,
adam,1293,1293,0.05615487972288193,,,nan,,,,,,,
adam,1294,1294,0.04396677846149864,,,nan,,,,,,,
adam,1295,1295,0.056819096658328815,,,nan,,,,,,,
adam,1296,1296,0.04559651871851559,,,nan,,,,,,,
adam,1297,1297,0.04153811539225219,,,nan,,,,,,,
adam,1298,1298,0.04946590509073852,,,nan,,,,,,,
adam,1299,1299,0.03987346432406533,,,nan,,,,,,,
adam,1300,1300,0.047378288541367906,,,0.029955356601171986,,,,,,,
adam,1301,1301,0.04448725036588155,,,nan,,,,,,,
adam,1302,1302,0.037574747466577935,,,nan,,,,,,,
adam,1303,1303,0.04628435573943091,,,nan,,,,,,,
adam,1304,1304,0.037717888144484804,,,nan,,,,,,,
adam,1305,1305,0.040216635078036966,,,nan,,,,,,,
adam,1306,1306,0.042288832384589733,,,nan,,,,,,,
adam,1307,1307,0.03722144720615662,,,nan,,,,,,,
adam,1308,1308,0.03986004394335965,,,nan,,,,,,,
adam,1309,1309,0.03844418670515411,,,nan,,,,,,,
adam,1310,1310,0.03718053989074062,,,nan,,,,,,,
adam,1311,1311,0.03973508543665319,,,nan,,,,,,,
adam,1312,1312,0.036510365651139784,,,nan,,,,,,,
adam,1313,1313,0.03795767281989835,,,nan,,,,,,,
adam,1314,1314,0.0372738257641216,,,nan,,,,,,,
adam,1315,1315,0.03642671415330408,,,nan,,,,,,,
adam,1316,1316,0.03792928673155645,,,nan,,,,,,,
adam,1317,1317,0.03583775329251638,,,nan,,,,,,,
adam,1318,1318,0.03708524715470653,,,nan,,,,,,,
adam,1319,1319,0.036383893160382534,,,nan,,,,,,,
adam,1320,1320,0.03604741499951223,,,nan,,,,,,,
adam,1321,1321,0.0368991890598914,,,nan,,,,,,,
adam,1322,1322,0.03565117100089674,,,nan,,,,,,,
adam,1323,1323,0.0364893253378297,,,nan,,,,,,,
adam,1324,1324,0.03593542625410262,,,nan,,,,,,,
adam,1325,1325,0.03583819480953232,,,nan,,,,,,,
adam,1326,1326,0.03627154234417496,,,nan,,,,,,,
adam,1327,1327,0.03549929028488891,,,nan,,,,,,,
adam,1328,1328,0.036058867170060176,,,nan,,,,,,,
adam,1329,1329,0.035626085521132736,,,nan,,,,,,,
adam,1330,1330,0.03564332763317907,,,nan,,,,,,,
adam,1331,1331,0.0358202177409498,,,nan,,,,,,,
adam,1332,1332,0.03539000080249303,,,nan,,,,,,,
adam,1333,1333,0.03576249767025658,,,nan,,,,,,,
adam,1334,1334,0.0354011492164765,,,nan,,,,,,,
adam,1335,1335,0.0355317062400506,,,nan,,,,,,,
adam,1336,1336,0.03552860561797076,,,nan,,,,,,,
adam,1337,1337,0.03533257936317112,,,nan,,,,,,,
adam,1338,1338,0.035539368557799586,,,nan,,,,,,,
adam,1339,1339,0.035288548047546255,,,nan,,,,,,,
adam,1340,1340,0.03542612143716346,,,nan,,,,,,,
adam,1341,1341,0.03534268787937819,,,nan,,,,,,,
adam,1342,1342,0.03529435233747203,,,nan,,,,,,,
adam,1343,1343,0.03537018183084922,,,nan,,,,,,,
adam,1344,1344,0.035231107897268556,,,nan,,,,,,,
adam,1345,1345,0.03532649518928019,,,nan,,,,,,,
adam,1346,1346,0.035228875183658366,,,nan,,,,,,,
adam,1347,1347,0.035250162509082195,,,nan,,,,,,,
adam,1348,1348,0.035242873152552374,,,nan,,,,,,,
adam,1349,1349,0.03518617122760452,,,nan,,,,,,,
adam,1350,1350,0.0352316734937258,,,nan,,,,,,,
adam,1351,1351,0.035154442219308885,,,nan,,,,,,,
adam,1352,1352,0.03519522179341663,,,nan,,,,,,,
adam,1353,1353,0.035150070245343557,,,nan,,,,,,,
adam,1354,1354,0.0351487272973634,,,nan,,,,,,,
adam,1355,1355,0.03514671369352545,,,nan,,,,,,,
adam,1356,1356,0.03511065789560065,,,nan,,,,,,,
adam,1357,1357,0.03513179375860778,,,nan,,,,,,,
adam,1358,1358,0.03508991251332101,,,nan,,,,,,,
adam,1359,1359,0.0351058319482929,,,nan,,,,,,,
adam,1360,1360,0.03507705232913466,,,nan,,,,,,,
adam,1361,1361,0.03507514492414162,,,nan,,,,,,,
adam,1362,1362,0.03506575906359355,,,nan,,,,,,,
adam,1363,1363,0.03504860222502172,,,nan,,,,,,,
adam,1364,1364,0.03505156299034529,,,nan,,,,,,,
adam,1365,1365,0.035027250821307046,,,nan,,,,,,,
adam,1366,1366,0.03503175552868197,,,nan,,,,,,,
adam,1367,1367,0.03501108988695595,,,nan,,,,,,,
adam,1368,1368,0.03501013687775016,,,nan,,,,,,,
adam,1369,1369,0.03499716823624278,,,nan,,,,,,,
adam,1370,1370,0.03498852163157585,,,nan,,,,,,,
adam,1371,1371,0.034982236834470104,,,nan,,,,,,,
adam,1372,1372,0.03496885095865428,,,nan,,,,,,,
adam,1373,1373,0.034966234790441295,,,nan,,,,,,,
adam,1374,1374,0.03495168985016221,,,nan,,,,,,,
adam,1375,1375,0.03494873975025612,,,nan,,,,,,,
adam,1376,1376,0.034935938646390774,,,nan,,,,,,,
adam,1377,1377,0.03493076889115146,,,nan,,,,,,,
adam,1378,1378,0.034920917081857336,,,nan,,,,,,,
adam,1379,1379,0.03491320349167936,,,nan,,,,,,,
adam,1380,1380,0.03490572935110755,,,nan,,,,,,,
adam,1381,1381,0.034896160331273886,,,nan,,,,,,,
adam,1382,1382,0.03489016223734748,,,nan,,,,,,,
adam,1383,1383,0.03488001780211463,,,nan,,,,,,,
adam,1384,1384,0.03487432411196919,,,nan,,,,,,,
adam,1385,1385,0.034864511902566564,,,nan,,,,,,,
adam,1386,1386,0.03485834388474197,,,nan,,,,,,,
adam,1387,1387,0.03484935092222804,,,nan,,,,,,,
adam,1388,1388,0.0348424959735766,,,nan,,,,,,,
adam,1389,1389,0.03483440769466865,,,nan,,,,,,,
adam,1390,1390,0.034826847580695555,,,nan,,,,,,,
adam,1391,1391,0.03481947669496955,,,nan,,,,,,,
adam,1392,1392,0.03481149916789992,,,nan,,,,,,,
adam,1393,1393,0.03480454942887306,,,nan,,,,,,,
adam,1394,1394,0.03479643236500562,,,nan,,,,,,,
adam,1395,1395,0.034789643971605444,,,nan,,,,,,,
adam,1396,1396,0.03478157909217245,,,nan,,,,,,,
adam,1397,1397,0.03477478180295734,,,nan,,,,,,,
adam,1398,1398,0.03476692306569176,,,nan,,,,,,,
adam,1399,1399,0.034760008165239255,,,nan,,,,,,,
adam,1400,1400,0.03475238706646886,,,0.018323976542624305,,,,,,,
adam,1401,1401,0.034745352916106906,,,nan,,,,,,,
adam,1402,1402,0.034737954670350776,,,nan,,,,,,,
adam,1403,1403,0.034730814976757424,,,nan,,,,,,,
adam,1404,1404,0.03472360715484069,,,nan,,,,,,,
adam,1405,1405,0.03471640411849537,,,nan,,,,,,,
adam,1406,1406,0.03470933085509791,,,nan,,,,,,,
adam,1407,1407,0.03470211592698959,,,nan,,,,,,,
adam,1408,1408,0.03469513219747165,,,nan,,,,,,,
adam,1409,1409,0.03468792883013565,,,nan,,,,,,,
adam,1410,1410,0.03468100345560251,,,nan,,,,,,,
adam,1411,1411,0.034673843955141476,,,nan,,,,,,,
adam,1412,1412,0.03466694971274202,,,nan,,,,,,,
adam,1413,1413,0.03465984357294536,,,nan,,,,,,,
adam,1414,1414,0.034652971033735096,,,nan,,,,,,,
adam,1415,1415,0.03464592301581934,,,nan,,,,,,,
adam,1416,1416,0.034639067257765555,,,nan,,,,,,,
adam,1417,1417,0.0346320807011212,,,nan,,,,,,,
adam,1418,1418,0.03462523867772887,,,nan,,,,,,,
adam,1419,1419,0.034618305190304635,,,nan,,,,,,,
adam,1420,1420,0.0346114810532469,,,nan,,,,,,,
adam,1421,1421,0.034604599540041595,,,nan,,,,,,,
adam,1422,1422,0.03459779385044976,,,nan,,,,,,,
adam,1423,1423,0.03459095694422247,,,nan,,,,,,,
adam,1424,1424,0.034584172621430515,,,nan,,,,,,,
adam,1425,1425,0.034577376255258266,,,nan,,,,,,,
adam,1426,1426,0.034570616314357705,,,nan,,,,,,,
adam,1427,1427,0.03456385736112195,,,nan,,,,,,,
adam,1428,1428,0.034557121790402955,,,nan,,,,,,,
adam,1429,1429,0.034550395581640976,,,nan,,,,,,,
adam,1430,1430,0.034543686822357596,,,nan,,,,,,,
adam,1431,1431,0.03453699245993986,,,nan,,,,,,,
adam,1432,1432,0.034530309980687054,,,nan,,,,,,,
adam,1433,1433,0.034523644295644126,,,nan,,,,,,,
adam,1434,1434,0.03451698848640385,,,nan,,,,,,,
adam,1435,1435,0.034510350430027516,,,nan,,,,,,,
adam,1436,1436,0.03450372113514683,,,nan,,,,,,,
adam,1437,1437,0.034497109571842724,,,nan,,,,,,,
adam,1438,1438,0.03449050612197637,,,nan,,,,,,,
adam,1439,1439,0.03448391966137583,,,nan,,,,,,,
adam,1440,1440,0.03447734186626436,,,nan,,,,,,,
adam,1441,1441,0.03447078023506084,,,nan,,,,,,,
adam,1442,1442,0.034464227260584575,,,nan,,,,,,,
adam,1443,1443,0.034457689240169266,,,nan,,,,,,,
adam,1444,1444,0.034451160591041724,,,nan,,,,,,,
adam,1445,1445,0.03444464597559844,,,nan,,,,,,,
adam,1446,1446,0.034438141144925216,,,nan,,,,,,,
adam,1447,1447,0.034431649292075484,,,nan,,,,,,,
adam,1448,1448,0.03442516765368797,,,nan,,,,,,,
adam,1449,1449,0.03441869807288359,,,nan,,,,,,,
adam,1450,1450,0.034412239142744626,,,nan,,,,,,,
adam,1451,1451,0.034405791496191704,,,nan,,,,,,,
adam,1452,1452,0.0343993546756623,,,nan,,,,,,,
adam,1453,1453,0.03439292837757805,,,nan,,,,,,,
adam,1454,1454,0.03438651317885693,,,nan,,,,,,,
adam,1455,1455,0.03438010797682266,,,nan,,,,,,,
adam,1456,1456,0.03437371391734689,,,nan,,,,,,,
adam,1457,1457,0.03436732934451036,,,nan,,,,,,,
adam,1458,1458,0.0343609559721873,,,nan,,,,,,,
adam,1459,1459,0.034354591747189765,,,nan,,,,,,,
adam,1460,1460,0.03434823862765296,,,nan,,,,,,,
adam,1461,1461,0.03434189438679029,,,nan,,,,,,,
adam,1462,1462,0.0343355611288329,,,nan,,,,,,,
adam,1463,1463,0.034329236554355644,,,nan,,,,,,,
adam,1464,1464,0.034322922744332594,,,nan,,,,,,,
adam,1465,1465,0.03431661753810918,,,nan,,,,,,,
adam,1466,1466,0.034310322851333765,,,nan,,,,,,,
adam,1467,1467,0.034304036706282064,,,nan,,,,,,,
adam,1468,1468,0.03429776077317038,,,nan,,,,,,,
adam,1469,1469,0.034291493408524346,,,nan,,,,,,,
adam,1470,1470,0.03428523594358418,,,nan,,,,,,,
adam,1471,1471,0.03427898705873256,,,nan,,,,,,,
adam,1472,1472,0.03427274774155879,,,nan,,,,,,,
adam,1473,1473,0.03426651706659219,,,nan,,,,,,,
adam,1474,1474,0.03426029564299183,,,nan,,,,,,,
adam,1475,1475,0.034254082889282965,,,nan,,,,,,,
adam,1476,1476,0.03424787909769856,,,nan,,,,,,,
adam,1477,1477,0.03424168400981717,,,nan,,,,,,,
adam,1478,1478,0.03423549762677368,,,nan,,,,,,,
adam,1479,1479,0.03422931992697438,,,nan,,,,,,,
adam,1480,1480,0.03422315072447989,,,nan,,,,,,,
adam,1481,1481,0.03421699016702483,,,nan,,,,,,,
adam,1482,1482,0.03421083793503148,,,nan,,,,,,,
adam,1483,1483,0.03420469425867651,,,nan,,,,,,,
adam,1484,1484,0.03419855878931798,,,nan,,,,,,,
adam,1485,1485,0.03419243176458712,,,nan,,,,,,,
adam,1486,1486,0.03418631285511739,,,nan,,,,,,,
adam,1487,1487,0.03418020225103366,,,nan,,,,,,,
adam,1488,1488,0.03417409970123226,,,nan,,,,,,,
adam,1489,1489,0.03416800530933923,,,nan,,,,,,,
adam,1490,1490,0.03416191891304898,,,nan,,,,,,,
adam,1491,1491,0.03415584053071244,,,nan,,,,,,,
adam,1492,1492,0.03414977009024407,,,nan,,,,,,,
adam,1493,1493,0.034143707526904904,,,nan,,,,,,,
adam,1494,1494,0.0341376528369183,,,nan,,,,,,,
adam,1495,1495,0.03413160591153443,,,nan,,,,,,,
adam,1496,1496,0.03412556678039577,,,nan,,,,,,,
adam,1497,1497,0.03411953531389039,,,nan,,,,,,,
adam,1498,1498,0.03411351154663526,,,nan,,,,,,,
adam,1499,1499,0.03410749536615211,,,nan,,,,,,,
adam,1500,1500,0.03410148678143234,,,0.01814934426714168,,,,,,,
adam,1501,1501,0.034095485707973154,,,nan,,,,,,,
adam,1502,1502,0.03408949212663012,,,nan,,,,,,,
adam,1503,1503,0.03408350598766828,,,nan,,,,,,,
adam,1504,1504,0.03407752723897146,,,nan,,,,,,,
adam,1505,1505,0.03407155585685609,,,nan,,,,,,,
adam,1506,1506,0.034065591775623,,,nan,,,,,,,
adam,1507,1507,0.03405963498077946,,,nan,,,,,,,
adam,1508,1508,0.03405368540156024,,,nan,,,,,,,
adam,1509,1509,0.034047743022274944,,,nan,,,,,,,
adam,1510,1510,0.034041807784365476,,,nan,,,,,,,
adam,1511,1511,0.034035879656536906,,,nan,,,,,,,
adam,1512,1512,0.03402995859415164,,,nan,,,,,,,
adam,1513,1513,0.03402404455568963,,,nan,,,,,,,
adam,1514,1514,0.0340181375084512,,,nan,,,,,,,
adam,1515,1515,0.03401223740075213,,,nan,,,,,,,
adam,1516,1516,0.034006344205048174,,,nan,,,,,,,
adam,1517,1517,0.03400045787177668,,,nan,,,,,,,
adam,1518,1518,0.03399457836901403,,,nan,,,,,,,
adam,1519,1519,0.03398870565162282,,,nan,,,,,,,
adam,1520,1520,0.03398283968337541,,,nan,,,,,,,
adam,1521,1521,0.03397698042605743,,,nan,,,,,,,
adam,1522,1522,0.03397112783638481,,,nan,,,,,,,
adam,1523,1523,0.033965281880719136,,,nan,,,,,,,
adam,1524,1524,0.033959442515805426,,,nan,,,,,,,
adam,1525,1525,0.033953609706778604,,,nan,,,,,,,
adam,1526,1526,0.033947783411333046,,,nan,,,,,,,
adam,1527,1527,0.0339419635931882,,,nan,,,,,,,
adam,1528,1528,0.03393615021383353,,,nan,,,,,,,
adam,1529,1529,0.03393034323254975,,,nan,,,,,,,
adam,1530,1530,0.03392454261342059,,,nan,,,,,,,
adam,1531,1531,0.03391874831593494,,,nan,,,,,,,
adam,1532,1532,0.03391296030339241,,,nan,,,,,,,
adam,1533,1533,0.03390717853570674,,,nan,,,,,,,
adam,1534,1534,0.03390140297558491,,,nan,,,,,,,
adam,1535,1535,0.03389563358494304,,,nan,,,,,,,
adam,1536,1536,0.03388987032390127,,,nan,,,,,,,
adam,1537,1537,0.033884113155650215,,,nan,,,,,,,
adam,1538,1538,0.03387836204088591,,,nan,,,,,,,
adam,1539,1539,0.033872616941696874,,,nan,,,,,,,
adam,1540,1540,0.03386687781922746,,,nan,,,,,,,
adam,1541,1541,0.03386114463538678,,,nan,,,,,,,
adam,1542,1542,0.03385541735216885,,,nan,,,,,,,
adam,1543,1543,0.03384969593014539,,,nan,,,,,,,
adam,1544,1544,0.03384398033180489,,,nan,,,,,,,
adam,1545,1545,0.033838270518389175,,,nan,,,,,,,
adam,1546,1546,0.033832566451218904,,,nan,,,,,,,
adam,1547,1547,0.033826868091944164,,,nan,,,,,,,
adam,1548,1548,0.03382117540199464,,,nan,,,,,,,
adam,1549,1549,0.03381548834302262,,,nan,,,,,,,
adam,1550,1550,0.03380980687597483,,,nan,,,,,,,
adam,1551,1551,0.03380413096268674,,,nan,,,,,,,
adam,1552,1552,0.033798460564551124,,,nan,,,,,,,
adam,1553,1553,0.033792795642528975,,,nan,,,,,,,
adam,1554,1554,0.033787136158289904,,,nan,,,,,,,
adam,1555,1555,0.03378148207307178,,,nan,,,,,,,
adam,1556,1556,0.0337758333480685,,,nan,,,,,,,
adam,1557,1557,0.03377018994449818,,,nan,,,,,,,
adam,1558,1558,0.033764551823710326,,,nan,,,,,,,
adam,1559,1559,0.033758918946952314,,,nan,,,,,,,
adam,1560,1560,0.0337532912751721,,,nan,,,,,,,
adam,1561,1561,0.03374766876978029,,,nan,,,,,,,
adam,1562,1562,0.03374205139193134,,,nan,,,,,,,
adam,1563,1563,0.03373643910254822,,,nan,,,,,,,
adam,1564,1564,0.0337308318629115,,,nan,,,,,,,
adam,1565,1565,0.03372522963413491,,,nan,,,,,,,
adam,1566,1566,0.033719632377219616,,,nan,,,,,,,
adam,1567,1567,0.03371404005325248,,,nan,,,,,,,
adam,1568,1568,0.03370845262339157,,,nan,,,,,,,
adam,1569,1569,0.03370287004868138,,,nan,,,,,,,
adam,1570,1570,0.03369729229008333,,,nan,,,,,,,
adam,1571,1571,0.03369171930878856,,,nan,,,,,,,
adam,1572,1572,0.033686151065848026,,,nan,,,,,,,
adam,1573,1573,0.03368058752221061,,,nan,,,,,,,
adam,1574,1574,0.03367502863905388,,,nan,,,,,,,
adam,1575,1575,0.03366947437746934,,,nan,,,,,,,
adam,1576,1576,0.03366392469846538,,,nan,,,,,,,
adam,1577,1577,0.033658379563194195,,,nan,,,,,,,
adam,1578,1578,0.03365283893282279,,,nan,,,,,,,
adam,1579,1579,0.03364730276843246,,,nan,,,,,,,
adam,1580,1580,0.03364177103117916,,,nan,,,,,,,
adam,1581,1581,0.033636243682310614,,,nan,,,,,,,
adam,1582,1582,0.03363072068300267,,,nan,,,,,,,
adam,1583,1583,0.03362520199446568,,,nan,,,,,,,
adam,1584,1584,0.033619687578039695,,,nan,,,,,,,
adam,1585,1585,0.03361417739502928,,,nan,,,,,,,
adam,1586,1586,0.03360867140673962,,,nan,,,,,,,
adam,1587,1587,0.03360316957462257,,,nan,,,,,,,
adam,1588,1588,0.03359767186012608,,,nan,,,,,,,
adam,1589,1589,0.033592178224688754,,,nan,,,,,,,
adam,1590,1590,0.03358668862989434,,,nan,,,,,,,
adam,1591,1591,0.03358120303735409,,,nan,,,,,,,
adam,1592,1592,0.033575721408683326,,,nan,,,,,,,
adam,1593,1593,0.03357024370562078,,,nan,,,,,,,
adam,1594,1594,0.03356476988997248,,,nan,,,,,,,
adam,1595,1595,0.03355929992355576,,,nan,,,,,,,
adam,1596,1596,0.03355383376829403,,,nan,,,,,,,
adam,1597,1597,0.03354837138620921,,,nan,,,,,,,
adam,1598,1598,0.03354291273934257,,,nan,,,,,,,
adam,1599,1599,0.03353745778983806,,,nan,,,,,,,
adam,1600,1600,0.03353200649995375,,,0.017967886153355588,,,,,,,
adam,1601,1601,0.03352655883198878,,,nan,,,,,,,
adam,1602,1602,0.03352111474833783,,,nan,,,,,,,
adam,1603,1603,0.033515674211523704,,,nan,,,,,,,
adam,1604,1604,0.03351023718412802,,,nan,,,,,,,
adam,1605,1605,0.03350480362882385,,,nan,,,,,,,
adam,1606,1606,0.03349937350842451,,,nan,,,,,,,
adam,1607,1607,0.03349394678581499,,,nan,,,,,,,
adam,1608,1608,0.03348852342397904,,,nan,,,,,,,
adam,1609,1609,0.03348310338604388,,,nan,,,,,,,
adam,1610,1610,0.03347768663522724,,,nan,,,,,,,
adam,1611,1611,0.03347227313484952,,,nan,,,,,,,
adam,1612,1612,0.03346686284837911,,,nan,,,,,,,
adam,1613,1613,0.033461455739389544,,,nan,,,,,,,
adam,1614,1614,0.03345605177156164,,,nan,,,,,,,
adam,1615,1615,0.03345065090873078,,,nan,,,,,,,
adam,1616,1616,0.033445253114847494,,,nan,,,,,,,
adam,1617,1617,0.033439858353980716,,,nan,,,,,,,
adam,1618,1618,0.033434466590356,,,nan,,,,,,,
adam,1619,1619,0.03342907778832731,,,nan,,,,,,,
adam,1620,1620,0.033423691912373696,,,nan,,,,,,,
adam,1621,1621,0.03341830892713573,,,nan,,,,,,,
adam,1622,1622,0.03341292879739123,,,nan,,,,,,,
adam,1623,1623,0.03340755148805105,,,nan,,,,,,,
adam,1624,1624,0.03340217696419291,,,nan,,,,,,,
adam,1625,1625,0.03339680519103897,,,nan,,,,,,,
adam,1626,1626,0.03339143613395477,,,nan,,,,,,,
adam,1627,1627,0.03338606975847569,,,nan,,,,,,,
adam,1628,1628,0.03338070603029075,,,nan,,,,,,,
adam,1629,1629,0.0333753449152386,,,nan,,,,,,,
adam,1630,1630,0.033369986379333735,,,nan,,,,,,,
adam,1631,1631,0.03336463038874912,,,nan,,,,,,,
adam,1632,1632,0.033359276909816396,,,nan,,,,,,,
adam,1633,1633,0.03335392590904671,,,nan,,,,,,,
adam,1634,1634,0.0333485773531163,,,nan,,,,,,,
adam,1635,1635,0.03334323120886735,,,nan,,,,,,,
adam,1636,1636,0.03333788744332598,,,nan,,,,,,,
adam,1637,1637,0.033332546023688576,,,nan,,,,,,,
adam,1638,1638,0.033327206917324145,,,nan,,,,,,,
adam,1639,1639,0.0333218700917897,,,nan,,,,,,,
adam,1640,1640,0.033316535514816614,,,nan,,,,,,,
adam,1641,1641,0.033311203154316266,,,nan,,,,,,,
adam,1642,1642,0.03330587297839062,,,nan,,,,,,,
adam,1643,1643,0.03330054495532156,,,nan,,,,,,,
adam,1644,1644,0.03329521905357606,,,nan,,,,,,,
adam,1645,1645,0.033289895241815665,,,nan,,,,,,,
adam,1646,1646,0.03328457348888469,,,nan,,,,,,,
adam,1647,1647,0.0332792537638192,,,nan,,,,,,,
adam,1648,1648,0.03327393603585073,,,nan,,,,,,,
adam,1649,1649,0.03326862027439899,,,nan,,,,,,,
adam,1650,1650,0.03326330644907864,,,nan,,,,,,,
adam,1651,1651,0.03325799452970348,,,nan,,,,,,,
adam,1652,1652,0.03325268448627733,,,nan,,,,,,,
adam,1653,1653,0.03324737628900516,,,nan,,,,,,,
adam,1654,1654,0.03324206990828986,,,nan,,,,,,,
adam,1655,1655,0.03323676531473066,,,nan,,,,,,,
adam,1656,1656,0.03323146247912786,,,nan,,,,,,,
adam,1657,1657,0.033226161372484284,,,nan,,,,,,,
adam,1658,1658,0.033220861965998195,,,nan,,,,,,,
adam,1659,1659,0.03321556423107625,,,nan,,,,,,,
adam,1660,1660,0.0332102681393224,,,nan,,,,,,,
adam,1661,1661,0.03320497366254631,,,nan,,,,,,,
adam,1662,1662,0.033199680772758464,,,nan,,,,,,,
adam,1663,1663,0.03319438944217789,,,nan,,,,,,,
adam,1664,1664,0.03318909964321873,,,nan,,,,,,,
adam,1665,1665,0.03318381134851252,,,nan,,,,,,,
adam,1666,1666,0.03317852453087961,,,nan,,,,,,,
adam,1667,1667,0.033173239163362844,,,nan,,,,,,,
adam,1668,1668,0.03316795521918995,,,nan,,,,,,,
adam,1669,1669,0.03316267267181892,,,nan,,,,,,,
adam,1670,1670,0.033157391494879215,,,nan,,,,,,,
adam,1671,1671,0.033152111662251474,,,nan,,,,,,,
adam,1672,1672,0.0331468331479607,,,nan,,,,,,,
adam,1673,1673,0.033141555926317436,,,nan,,,,,,,
adam,1674,1674,0.03313627997173561,,,nan,,,,,,,
adam,1675,1675,0.033131005258972356,,,nan,,,,,,,
adam,1676,1676,0.033125731762817405,,,nan,,,,,,,
adam,1677,1677,0.03312045945851882,,,nan,,,,,,,
adam,1678,1678,0.03311518832123157,,,nan,,,,,,,
adam,1679,1679,0.03310991832680817,,,nan,,,,,,,
adam,1680,1680,0.0331046494508145,,,nan,,,,,,,
adam,1681,1681,0.03309938167004763,,,nan,,,,,,,
adam,1682,1682,0.03309411496082167,,,nan,,,,,,,
adam,1683,1683,0.033088849302055086,,,nan,,,,,,,
adam,1684,1684,0.03308358467251072,,,nan,,,,,,,
adam,1685,1685,0.033078321057719344,,,nan,,,,,,,
adam,1686,1686,0.03307305844678954,,,nan,,,,,,,
adam,1687,1687,0.03306779685031099,,,nan,,,,,,,
adam,1688,1688,0.03306253630383896,,,nan,,,,,,,
adam,1689,1689,0.03305727692301277,,,nan,,,,,,,
adam,1690,1690,0.033052018956724445,,,nan,,,,,,,
adam,1691,1691,0.03304676298680785,,,nan,,,,,,,
adam,1692,1692,0.03304151026581796,,,nan,,,,,,,
adam,1693,1693,0.03303626352291937,,,nan,,,,,,,
adam,1694,1694,0.033031028880612254,,,nan,,,,,,,
adam,1695,1695,0.033025819203827515,,,nan,,,,,,,
adam,1696,1696,0.03302066520391178,,,nan,,,,,,,
adam,1697,1697,0.033015627976917476,,,nan,,,,,,,
adam,1698,1698,0.03301086915140651,,,nan,,,,,,,
adam,1699,1699,0.03300667290574516,,,nan,,,,,,,
adam,1700,1700,0.03300395046881573,,,0.01807232239001408,,,,,,,
adam,1701,1701,0.03300387469014035,,,nan,,,,,,,
adam,1702,1702,0.033012050321718604,,,nan,,,,,,,
adam,1703,1703,0.033030720572677905,,,nan,,,,,,,
adam,1704,1704,0.033096408168631464,,,nan,,,,,,,
adam,1705,1705,0.033168732039576626,,,nan,,,,,,,
adam,1706,1706,0.033451594511336655,,,nan,,,,,,,
adam,1707,1707,0.03336724606682458,,,nan,,,,,,,
adam,1708,1708,0.033594048346320404,,,nan,,,,,,,
adam,1709,1709,0.03315575407440465,,,nan,,,,,,,
adam,1710,1710,0.03298599971964064,,,nan,,,,,,,
adam,1711,1711,0.03296339357039692,,,nan,,,,,,,
adam,1712,1712,0.033060510729725566,,,nan,,,,,,,
adam,1713,1713,0.033270782458693915,,,nan,,,,,,,
adam,1714,1714,0.03318510663529012,,,nan,,,,,,,
adam,1715,1715,0.03317429729859579,,,nan,,,,,,,
adam,1716,1716,0.032994646782883205,,,nan,,,,,,,
adam,1717,1717,0.03291820672903865,,,nan,,,,,,,
adam,1718,1718,0.0329331184205656,,,nan,,,,,,,
adam,1719,1719,0.03299598170502676,,,nan,,,,,,,
adam,1720,1720,0.03308588798577604,,,nan,,,,,,,
adam,1721,1721,0.033027368746990374,,,nan,,,,,,,
adam,1722,1722,0.032982395379716825,,,nan,,,,,,,
adam,1723,1723,0.03290375193169949,,,nan,,,,,,,
adam,1724,1724,0.03287889536589075,,,nan,,,,,,,
adam,1725,1725,0.03289990568678405,,,nan,,,,,,,
adam,1726,1726,0.03292958264676809,,,nan,,,,,,,
adam,1727,1727,0.032961722608271356,,,nan,,,,,,,
adam,1728,1728,0.0329265658899597,,,nan,,,,,,,
adam,1729,1729,0.03289789462486285,,,nan,,,,,,,
adam,1730,1730,0.032858383190776524,,,nan,,,,,,,
adam,1731,1731,0.03284135724839818,,,nan,,,,,,,
adam,1732,1732,0.032844766198764336,,,nan,,,,,,,
adam,1733,1733,0.03285644700913024,,,nan,,,,,,,
adam,1734,1734,0.03286922254303793,,,nan,,,,,,,
adam,1735,1735,0.032857210547934744,,,nan,,,,,,,
adam,1736,1736,0.032843076715952296,,,nan,,,,,,,
adam,1737,1737,0.0328202738494676,,,nan,,,,,,,
adam,1738,1738,0.032806038231510126,,,nan,,,,,,,
adam,1739,1739,0.03280141576412203,,,nan,,,,,,,
adam,1740,1740,0.03280339737742524,,,nan,,,,,,,
adam,1741,1741,0.03280757699697301,,,nan,,,,,,,
adam,1742,1742,0.03280460508478425,,,nan,,,,,,,
adam,1743,1743,0.03279946820784361,,,nan,,,,,,,
adam,1744,1744,0.032786671801607714,,,nan,,,,,,,
adam,1745,1745,0.03277507893826482,,,nan,,,,,,,
adam,1746,1746,0.03276529991591244,,,nan,,,,,,,
adam,1747,1747,0.03275934277281443,,,nan,,,,,,,
adam,1748,1748,0.03275648002630608,,,nan,,,,,,,
adam,1749,1749,0.03275462575553329,,,nan,,,,,,,
adam,1750,1750,0.0327526079193678,,,nan,,,,,,,
adam,1751,1751,0.03274763822287384,,,nan,,,,,,,
adam,1752,1752,0.032741646164278826,,,nan,,,,,,,
adam,1753,1753,0.03273359411795948,,,nan,,,,,,,
adam,1754,1754,0.03272589883069453,,,nan,,,,,,,
adam,1755,1755,0.03271887546183665,,,nan,,,,,,,
adam,1756,1756,0.03271313280568688,,,nan,,,,,,,
adam,1757,1757,0.03270853110909264,,,nan,,,,,,,
adam,1758,1758,0.032704572907205964,,,nan,,,,,,,
adam,1759,1759,0.032700772797775696,,,nan,,,,,,,
adam,1760,1760,0.03269639008304123,,,nan,,,,,,,
adam,1761,1761,0.0326916152153953,,,nan,,,,,,,
adam,1762,1762,0.03268594626158963,,,nan,,,,,,,
adam,1763,1763,0.032680098022568264,,,nan,,,,,,,
adam,1764,1764,0.03267396530825383,,,nan,,,,,,,
adam,1765,1765,0.03266804270761817,,,nan,,,,,,,
adam,1766,1766,0.032662367471807084,,,nan,,,,,,,
adam,1767,1767,0.03265702858113785,,,nan,,,,,,,
adam,1768,1768,0.032651980420016304,,,nan,,,,,,,
adam,1769,1769,0.03264713170200718,,,nan,,,,,,,
adam,1770,1770,0.0326423810393438,,,nan,,,,,,,
adam,1771,1771,0.03263760754762278,,,nan,,,,,,,
adam,1772,1772,0.03263279591028134,,,nan,,,,,,,
adam,1773,1773,0.03262782243919103,,,nan,,,,,,,
adam,1774,1774,0.032622789197650263,,,nan,,,,,,,
adam,1775,1775,0.03261758442066447,,,nan,,,,,,,
adam,1776,1776,0.0326123625352132,,,nan,,,,,,,
adam,1777,1777,0.032607040706116884,,,nan,,,,,,,
adam,1778,1778,0.03260174238255546,,,nan,,,,,,,
adam,1779,1779,0.03259641994650228,,,nan,,,,,,,
adam,1780,1780,0.03259114022057771,,,nan,,,,,,,
adam,1781,1781,0.032585878640025046,,,nan,,,,,,,
adam,1782,1782,0.032580656511560765,,,nan,,,,,,,
adam,1783,1783,0.0325754625593828,,,nan,,,,,,,
adam,1784,1784,0.03257029812387919,,,nan,,,,,,,
adam,1785,1785,0.03256515599729183,,,nan,,,,,,,
adam,1786,1786,0.03256003125692168,,,nan,,,,,,,
adam,1787,1787,0.03255491958918665,,,nan,,,,,,,
adam,1788,1788,0.03254981742533131,,,nan,,,,,,,
adam,1789,1789,0.03254472193530492,,,nan,,,,,,,
adam,1790,1790,0.0325396310942432,,,nan,,,,,,,
adam,1791,1791,0.032534544882504186,,,nan,,,,,,,
adam,1792,1792,0.03252946226922736,,,nan,,,,,,,
adam,1793,1793,0.03252438613756842,,,nan,,,,,,,
adam,1794,1794,0.03251931496116821,,,nan,,,,,,,
adam,1795,1795,0.032514257198299264,,,nan,,,,,,,
adam,1796,1796,0.03250920941230857,,,nan,,,,,,,
adam,1797,1797,0.03250418995420946,,,nan,,,,,,,
adam,1798,1798,0.032499190701298405,,,nan,,,,,,,
adam,1799,1799,0.032494252072344444,,,nan,,,,,,,
adam,1800,1800,0.032489354485619446,,,0.01752617598948395,,,,,,,
adam,1801,1801,0.0324845909795995,,,nan,,,,,,,
adam,1802,1802,0.03247991104546269,,,nan,,,,,,,
adam,1803,1803,0.03247554414241117,,,nan,,,,,,,
adam,1804,1804,0.03247134630479038,,,nan,,,,,,,
adam,1805,1805,0.03246792655589977,,,nan,,,,,,,
adam,1806,1806,0.03246483533509947,,,nan,,,,,,,
adam,1807,1807,0.032463812434546026,,,nan,,,,,,,
adam,1808,1808,0.03246335902994475,,,nan,,,,,,,
adam,1809,1809,0.032468775293456584,,,nan,,,,,,,
adam,1810,1810,0.03247495053992323,,,nan,,,,,,,
adam,1811,1811,0.03249861481584787,,,nan,,,,,,,
adam,1812,1812,0.03252347313233965,,,nan,,,,,,,
adam,1813,1813,0.03260055705091479,,,nan,,,,,,,
adam,1814,1814,0.03269439826491706,,,nan,,,,,,,
adam,1815,1815,0.03292592183232947,,,nan,,,,,,,
adam,1816,1816,0.03334615189154655,,,nan,,,,,,,
adam,1817,1817,0.03384922193116588,,,nan,,,,,,,
adam,1818,1818,0.035132761287962735,,,nan,,,,,,,
adam,1819,1819,0.03436142193624752,,,nan,,,,,,,
adam,1820,1820,0.03413202701582992,,,nan,,,,,,,
adam,1821,1821,0.032811673300005395,,,nan,,,,,,,
adam,1822,1822,0.03260860628761465,,,nan,,,,,,,
adam,1823,1823,0.033213679478620625,,,nan,,,,,,,
adam,1824,1824,0.033624231550959886,,,nan,,,,,,,
adam,1825,1825,0.0336817395080187,,,nan,,,,,,,
adam,1826,1826,0.03280624845735943,,,nan,,,,,,,
adam,1827,1827,0.03246810201513185,,,nan,,,,,,,
adam,1828,1828,0.032637363983583564,,,nan,,,,,,,
adam,1829,1829,0.033060951421862834,,,nan,,,,,,,
adam,1830,1830,0.03313161040902189,,,nan,,,,,,,
adam,1831,1831,0.032785296863669273,,,nan,,,,,,,
adam,1832,1832,0.032596448293265655,,,nan,,,,,,,
adam,1833,1833,0.03256886401708925,,,nan,,,,,,,
adam,1834,1834,0.032817571418825686,,,nan,,,,,,,
adam,1835,1835,0.03258370562796413,,,nan,,,,,,,
adam,1836,1836,0.032454716650461644,,,nan,,,,,,,
adam,1837,1837,0.03249663862196513,,,nan,,,,,,,
adam,1838,1838,0.032556560654550065,,,nan,,,,,,,
adam,1839,1839,0.03265636958999469,,,nan,,,,,,,
adam,1840,1840,0.03237962138929465,,,nan,,,,,,,
adam,1841,1841,0.032331999738717296,,,nan,,,,,,,
adam,1842,1842,0.032486094741938566,,,nan,,,,,,,
adam,1843,1843,0.03249083538845011,,,nan,,,,,,,
adam,1844,1844,0.03246146463421866,,,nan,,,,,,,
adam,1845,1845,0.032316323276647366,,,nan,,,,,,,
adam,1846,1846,0.03231046052544562,,,nan,,,,,,,
adam,1847,1847,0.03239586455056773,,,nan,,,,,,,
adam,1848,1848,0.032378506319954675,,,nan,,,,,,,
adam,1849,1849,0.0323511998075568,,,nan,,,,,,,
adam,1850,1850,0.03230160836626155,,,nan,,,,,,,
adam,1851,1851,0.032308353246052565,,,nan,,,,,,,
adam,1852,1852,0.03232513499562764,,,nan,,,,,,,
adam,1853,1853,0.03229602371880871,,,nan,,,,,,,
adam,1854,1854,0.032262155673253745,,,nan,,,,,,,
adam,1855,1855,0.03224985480999673,,,nan,,,,,,,
adam,1856,1856,0.032271954027365844,,,nan,,,,,,,
adam,1857,1857,0.032286947599888385,,,nan,,,,,,,
adam,1858,1858,0.0322690199477806,,,nan,,,,,,,
adam,1859,1859,0.032232349724418144,,,nan,,,,,,,
adam,1860,1860,0.032209697279103215,,,nan,,,,,,,
adam,1861,1861,0.03221354079890301,,,nan,,,,,,,
adam,1862,1862,0.032227689038554504,,,nan,,,,,,,
adam,1863,1863,0.032228646691202484,,,nan,,,,,,,
adam,1864,1864,0.0322147904935382,,,nan,,,,,,,
adam,1865,1865,0.0321994860846285,,,nan,,,,,,,
adam,1866,1866,0.03219162641455584,,,nan,,,,,,,
adam,1867,1867,0.032190770266521444,,,nan,,,,,,,
adam,1868,1868,0.0321846190109896,,,nan,,,,,,,
adam,1869,1869,0.032174975404097056,,,nan,,,,,,,
adam,1870,1870,0.03216312721031942,,,nan,,,,,,,
adam,1871,1871,0.03215742297961862,,,nan,,,,,,,
adam,1872,1872,0.03215798923715335,,,nan,,,,,,,
adam,1873,1873,0.03215824403280928,,,nan,,,,,,,
adam,1874,1874,0.032155241909152116,,,nan,,,,,,,
adam,1875,1875,0.03214539319356103,,,nan,,,,,,,
adam,1876,1876,0.03213588818299726,,,nan,,,,,,,
adam,1877,1877,0.032129060105919365,,,nan,,,,,,,
adam,1878,1878,0.0321252281013895,,,nan,,,,,,,
adam,1879,1879,0.03212152035921646,,,nan,,,,,,,
adam,1880,1880,0.03211551347073571,,,nan,,,,,,,
adam,1881,1881,0.03210803178411435,,,nan,,,,,,,
adam,1882,1882,0.03210083013205534,,,nan,,,,,,,
adam,1883,1883,0.032095624022828166,,,nan,,,,,,,
adam,1884,1884,0.032092075623976576,,,nan,,,,,,,
adam,1885,1885,0.03208859850438607,,,nan,,,,,,,
adam,1886,1886,0.03208415051339826,,,nan,,,,,,,
adam,1887,1887,0.032078618724794276,,,nan,,,,,,,
adam,1888,1888,0.032073046156545805,,,nan,,,,,,,
adam,1889,1889,0.03206835337737105,,,nan,,,,,,,
adam,1890,1890,0.03206459046360993,,,nan,,,,,,,
adam,1891,1891,0.03206137928461349,,,nan,,,,,,,
adam,1892,1892,0.03205787411995644,,,nan,,,,,,,
adam,1893,1893,0.03205458424856605,,,nan,,,,,,,
adam,1894,1894,0.032051600234326696,,,nan,,,,,,,
adam,1895,1895,0.032050643776661086,,,nan,,,,,,,
adam,1896,1896,0.03205178315165223,,,nan,,,,,,,
adam,1897,1897,0.03205797398875911,,,nan,,,,,,,
adam,1898,1898,0.032067949831031235,,,nan,,,,,,,
adam,1899,1899,0.03209102791633899,,,nan,,,,,,,
adam,1900,1900,0.032121711902385316,,,0.017573609377664005,,,,,,,
adam,1901,1901,0.032190051589451235,,,nan,,,,,,,
adam,1902,1902,0.032267236812807534,,,nan,,,,,,,
adam,1903,1903,0.032445224507882536,,,nan,,,,,,,
adam,1904,1904,0.032580333493457105,,,nan,,,,,,,
adam,1905,1905,0.03292537563292909,,,nan,,,,,,,
adam,1906,1906,0.032951082820151245,,,nan,,,,,,,
adam,1907,1907,0.033206960431924,,,nan,,,,,,,
adam,1908,1908,0.0328162279843199,,,nan,,,,,,,
adam,1909,1909,0.03257607339836011,,,nan,,,,,,,
adam,1910,1910,0.032183888047426217,,,nan,,,,,,,
adam,1911,1911,0.03199407778487763,,,nan,,,,,,,
adam,1912,1912,0.03198848248674864,,,nan,,,,,,,
adam,1913,1913,0.03212145936050893,,,nan,,,,,,,
adam,1914,1914,0.0323527305114441,,,nan,,,,,,,
adam,1915,1915,0.03248653597641858,,,nan,,,,,,,
adam,1916,1916,0.03266929833198842,,,nan,,,,,,,
adam,1917,1917,0.03250540711158281,,,nan,,,,,,,
adam,1918,1918,0.03237185817769459,,,nan,,,,,,,
adam,1919,1919,0.032107720790199606,,,nan,,,,,,,
adam,1920,1920,0.031957482109812495,,,nan,,,,,,,
adam,1921,1921,0.03192508008782874,,,nan,,,,,,,
adam,1922,1922,0.031993054686204954,,,nan,,,,,,,
adam,1923,1923,0.03211218814736967,,,nan,,,,,,,
adam,1924,1924,0.03217205796428396,,,nan,,,,,,,
adam,1925,1925,0.03220623875716737,,,nan,,,,,,,
adam,1926,1926,0.032108401642873825,,,nan,,,,,,,
adam,1927,1927,0.03201360039057881,,,nan,,,,,,,
adam,1928,1928,0.031919850867452915,,,nan,,,,,,,
adam,1929,1929,0.03187891567697273,,,nan,,,,,,,
adam,1930,1930,0.031886689946417995,,,nan,,,,,,,
adam,1931,1931,0.0319236512336172,,,nan,,,,,,,
adam,1932,1932,0.031970154429995096,,,nan,,,,,,,
adam,1933,1933,0.03198656961194483,,,nan,,,,,,,
adam,1934,1934,0.03198880566962045,,,nan,,,,,,,
adam,1935,1935,0.03194861466679375,,,nan,,,,,,,
adam,1936,1936,0.03190816602384793,,,nan,,,,,,,
adam,1937,1937,0.03186576169116062,,,nan,,,,,,,
adam,1938,1938,0.03183909658108215,,,nan,,,,,,,
adam,1939,1939,0.03182855877664063,,,nan,,,,,,,
adam,1940,1940,0.03183151967149809,,,nan,,,,,,,
adam,1941,1941,0.03184235241174947,,,nan,,,,,,,
adam,1942,1942,0.03185260901270209,,,nan,,,,,,,
adam,1943,1943,0.031860911709938655,,,nan,,,,,,,
adam,1944,1944,0.03185825397542834,,,nan,,,,,,,
adam,1945,1945,0.03185319970518799,,,nan,,,,,,,
adam,1946,1946,0.03183917273913766,,,nan,,,,,,,
adam,1947,1947,0.03182578362306648,,,nan,,,,,,,
adam,1948,1948,0.03180931795066043,,,nan,,,,,,,
adam,1949,1949,0.031795267946194215,,,nan,,,,,,,
adam,1950,1950,0.03178250166603328,,,nan,,,,,,,
adam,1951,1951,0.03177246497165264,,,nan,,,,,,,
adam,1952,1952,0.03176454666030453,,,nan,,,,,,,
adam,1953,1953,0.03175851890205778,,,nan,,,,,,,
adam,1954,1954,0.03175394724013034,,,nan,,,,,,,
adam,1955,1955,0.03175041704541128,,,nan,,,,,,,
adam,1956,1956,0.03174766944315054,,,nan,,,,,,,
adam,1957,1957,0.03174544348937833,,,nan,,,,,,,
adam,1958,1958,0.03174407371374628,,,nan,,,,,,,
adam,1959,1959,0.03174314714554728,,,nan,,,,,,,
adam,1960,1960,0.03174400450893326,,,nan,,,,,,,
adam,1961,1961,0.03174548608923564,,,nan,,,,,,,
adam,1962,1962,0.03175105783766498,,,nan,,,,,,,
adam,1963,1963,0.03175784873696648,,,nan,,,,,,,
adam,1964,1964,0.03177421970793571,,,nan,,,,,,,
adam,1965,1965,0.03179243650858139,,,nan,,,,,,,
adam,1966,1966,0.031833162746037,,,nan,,,,,,,
adam,1967,1967,0.03187311596007935,,,nan,,,,,,,
adam,1968,1968,0.03196426397891067,,,nan,,,,,,,
adam,1969,1969,0.032031606965905325,,,nan,,,,,,,
adam,1970,1970,0.03220052310457516,,,nan,,,,,,,
adam,1971,1971,0.03225248559418914,,,nan,,,,,,,
adam,1972,1972,0.03244728764301093,,,nan,,,,,,,
adam,1973,1973,0.03234782274869222,,,nan,,,,,,,
adam,1974,1974,0.032363772601372146,,,nan,,,,,,,
adam,1975,1975,0.03210158337192129,,,nan,,,,,,,
adam,1976,1976,0.03192963173463997,,,nan,,,,,,,
adam,1977,1977,0.03174777574969826,,,nan,,,,,,,
adam,1978,1978,0.03165921650314813,,,nan,,,,,,,
adam,1979,1979,0.03164569655363314,,,nan,,,,,,,
adam,1980,1980,0.031691286085808054,,,nan,,,,,,,
adam,1981,1981,0.03178268056431834,,,nan,,,,,,,
adam,1982,1982,0.031870140441592476,,,nan,,,,,,,
adam,1983,1983,0.03200054633626662,,,nan,,,,,,,
adam,1984,1984,0.03202357335954141,,,nan,,,,,,,
adam,1985,1985,0.032083648315310055,,,nan,,,,,,,
adam,1986,1986,0.03197139529180346,,,nan,,,,,,,
adam,1987,1987,0.03188597090976348,,,nan,,,,,,,
adam,1988,1988,0.03173665718801213,,,nan,,,,,,,
adam,1989,1989,0.031638821145057214,,,nan,,,,,,,
adam,1990,1990,0.03158857864932925,,,nan,,,,,,,
adam,1991,1991,0.03159253514474052,,,nan,,,,,,,
adam,1992,1992,0.03163414926944429,,,nan,,,,,,,
adam,1993,1993,0.031685538670400706,,,nan,,,,,,,
adam,1994,1994,0.03175019828140345,,,nan,,,,,,,
adam,1995,1995,0.03177162155022633,,,nan,,,,,,,
adam,1996,1996,0.031800031058255754,,,nan,,,,,,,
adam,1997,1997,0.03175894784580337,,,nan,,,,,,,
adam,1998,1998,0.03172484479174861,,,nan,,,,,,,
adam,1999,1999,0.03165262319355743,,,nan,,,,,,,
adam,2000,2000,0.0315966637982879,,,0.017491823534192354,,,,,,,
adam,2001,2001,0.034050604445759955,,,nan,,,,,,,
adam,2002,2002,0.033806480441266135,,,nan,,,,,,,
adam,2003,2003,0.03346098722753871,,,nan,,,,,,,
adam,2004,2004,0.03317849346110509,,,nan,,,,,,,
adam,2005,2005,0.033005395123582595,,,nan,,,,,,,
adam,2006,2006,0.032951401848931576,,,nan,,,,,,,
adam,2007,2007,0.032999956397073926,,,nan,,,,,,,
adam,2008,2008,0.03299822484728727,,,nan,,,,,,,
adam,2009,2009,0.032922748830279826,,,nan,,,,,,,
adam,2010,2010,0.0328844079947998,,,nan,,,,,,,
adam,2011,2011,0.032898815705818374,,,nan,,,,,,,
adam,2012,2012,0.03287987250064782,,,nan,,,,,,,
adam,2013,2013,0.03281110528562334,,,nan,,,,,,,
adam,2014,2014,0.03274431696569628,,,nan,,,,,,,
adam,2015,2015,0.03269168436404845,,,nan,,,,,,,
adam,2016,2016,0.03264060019433039,,,nan,,,,,,,
adam,2017,2017,0.032591203402927704,,,nan,,,,,,,
adam,2018,2018,0.03255495743314509,,,nan,,,,,,,
adam,2019,2019,0.03252999633863634,,,nan,,,,,,,
adam,2020,2020,0.03250259775996978,,,nan,,,,,,,
adam,2021,2021,0.03248635503342522,,,nan,,,,,,,
adam,2022,2022,0.03248482872235261,,,nan,,,,,,,
adam,2023,2023,0.03247510394443001,,,nan,,,,,,,
adam,2024,2024,0.03245220737132941,,,nan,,,,,,,
adam,2025,2025,0.03243407097069172,,,nan,,,,,,,
adam,2026,2026,0.0324270684799505,,,nan,,,,,,,
adam,2027,2027,0.0324151724362554,,,nan,,,,,,,
adam,2028,2028,0.03239328436756325,,,nan,,,,,,,
adam,2029,2029,0.03237711747199796,,,nan,,,,,,,
adam,2030,2030,0.03237023594150831,,,nan,,,,,,,
adam,2031,2031,0.0323607714310915,,,nan,,,,,,,
adam,2032,2032,0.032345428386413584,,,nan,,,,,,,
adam,2033,2033,0.03233123399009473,,,nan,,,,,,,
adam,2034,2034,0.03232153136686245,,,nan,,,,,,,
adam,2035,2035,0.032312657724653665,,,nan,,,,,,,
adam,2036,2036,0.03230530002110727,,,nan,,,,,,,
adam,2037,2037,0.032301332969221,,,nan,,,,,,,
adam,2038,2038,0.032296808460653706,,,nan,,,,,,,
adam,2039,2039,0.032289728173063775,,,nan,,,,,,,
adam,2040,2040,0.03228320947098669,,,nan,,,,,,,
adam,2041,2041,0.03227829929747147,,,nan,,,,,,,
adam,2042,2042,0.032272159739224086,,,nan,,,,,,,
adam,2043,2043,0.032264346803186565,,,nan,,,,,,,
adam,2044,2044,0.03225717404928594,,,nan,,,,,,,
adam,2045,2045,0.03225081036653142,,,nan,,,,,,,
adam,2046,2046,0.03224450986593156,,,nan,,,,,,,
adam,2047,2047,0.03223903314847658,,,nan,,,,,,,
adam,2048,2048,0.03223477402341581,,,nan,,,,,,,
adam,2049,2049,0.03223039767401806,,,nan,,,,,,,
adam,2050,2050,0.03222527108033275,,,nan,,,,,,,
adam,2051,2051,0.03222057019018107,,,nan,,,,,,,
adam,2052,2052,0.03221665112100247,,,nan,,,,,,,
adam,2053,2053,0.032212519697387226,,,nan,,,,,,,
adam,2054,2054,0.03220784620668553,,,nan,,,,,,,
adam,2055,2055,0.03220318419791446,,,nan,,,,,,,
adam,2056,2056,0.03219865450654683,,,nan,,,,,,,
adam,2057,2057,0.03219397251330208,,,nan,,,,,,,
adam,2058,2058,0.03218942461714012,,,nan,,,,,,,
adam,2059,2059,0.03218540087730454,,,nan,,,,,,,
adam,2060,2060,0.03218162838459651,,,nan,,,,,,,
adam,2061,2061,0.03217770278144319,,,nan,,,,,,,
adam,2062,2062,0.032173707496168755,,,nan,,,,,,,
adam,2063,2063,0.03216983836490249,,,nan,,,,,,,
adam,2064,2064,0.03216597940024603,,,nan,,,,,,,
adam,2065,2065,0.032162057482946815,,,nan,,,,,,,
adam,2066,2066,0.032158237056275456,,,nan,,,,,,,
adam,2067,2067,0.03215458611738308,,,nan,,,,,,,
adam,2068,2068,0.032150951240404305,,,nan,,,,,,,
adam,2069,2069,0.032147254689506785,,,nan,,,,,,,
adam,2070,2070,0.03214359760349214,,,nan,,,,,,,
adam,2071,2071,0.0321400085893801,,,nan,,,,,,,
adam,2072,2072,0.032136404031972335,,,nan,,,,,,,
adam,2073,2073,0.03213277744199007,,,nan,,,,,,,
adam,2074,2074,0.032129211605957365,,,nan,,,,,,,
adam,2075,2075,0.03212571397768885,,,nan,,,,,,,
adam,2076,2076,0.032122212203826425,,,nan,,,,,,,
adam,2077,2077,0.03211869371831935,,,nan,,,,,,,
adam,2078,2078,0.03211520660200557,,,nan,,,,,,,
adam,2079,2079,0.03211175903587679,,,nan,,,,,,,
adam,2080,2080,0.03210831413461547,,,nan,,,,,,,
adam,2081,2081,0.03210487006875175,,,nan,,,,,,,
adam,2082,2082,0.032101455957789085,,,nan,,,,,,,
adam,2083,2083,0.032098066035427676,,,nan,,,,,,,
adam,2084,2084,0.03209466401790187,,,nan,,,,,,,
adam,2085,2085,0.032091242019835535,,,nan,,,,,,,
adam,2086,2086,0.03208782631604108,,,nan,,,,,,,
adam,2087,2087,0.03208443010954866,,,nan,,,,,,,
adam,2088,2088,0.03208104448489519,,,nan,,,,,,,
adam,2089,2089,0.032077667915397345,,,nan,,,,,,,
adam,2090,2090,0.032074312434544915,,,nan,,,,,,,
adam,2091,2091,0.03207097869133277,,,nan,,,,,,,
adam,2092,2092,0.03206765119700845,,,nan,,,,,,,
adam,2093,2093,0.03206432052733966,,,nan,,,,,,,
adam,2094,2094,0.03206099169480555,,,nan,,,,,,,
adam,2095,2095,0.03205766912286712,,,nan,,,,,,,
adam,2096,2096,0.032054347384935525,,,nan,,,,,,,
adam,2097,2097,0.03205102228012354,,,nan,,,,,,,
adam,2098,2098,0.03204769867579109,,,nan,,,,,,,
adam,2099,2099,0.03204438292551353,,,nan,,,,,,,
adam,2100,2100,0.032041074047919005,,,0.016249576575557194,,,,,,,
adam,2101,2101,0.032037767849732994,,,nan,,,,,,,
adam,2102,2102,0.03203446409541946,,,nan,,,,,,,
adam,2103,2103,0.03203116530462169,,,nan,,,,,,,
adam,2104,2104,0.03202787112950377,,,nan,,,,,,,
adam,2105,2105,0.03202457862357574,,,nan,,,,,,,
adam,2106,2106,0.0320212868447609,,,nan,,,,,,,
adam,2107,2107,0.03201799739654675,,,nan,,,,,,,
adam,2108,2108,0.03201471092137647,,,nan,,,,,,,
adam,2109,2109,0.032011425495586276,,,nan,,,,,,,
adam,2110,2110,0.032008139430032695,,,nan,,,,,,,
adam,2111,2111,0.03200485332622355,,,nan,,,,,,,
adam,2112,2112,0.032001568626549154,,,nan,,,,,,,
adam,2113,2113,0.03199828529341953,,,nan,,,,,,,
adam,2114,2114,0.03199500227204659,,,nan,,,,,,,
adam,2115,2115,0.031991719164888896,,,nan,,,,,,,
adam,2116,2116,0.03198843665518065,,,nan,,,,,,,
adam,2117,2117,0.031985155081905824,,,nan,,,,,,,
adam,2118,2118,0.031981873881905515,,,nan,,,,,,,
adam,2119,2119,0.03197859233226859,,,nan,,,,,,,
adam,2120,2120,0.03197531029740913,,,nan,,,,,,,
adam,2121,2121,0.03197202793557079,,,nan,,,,,,,
adam,2122,2122,0.031968745056682735,,,nan,,,,,,,
adam,2123,2123,0.031965461170378254,,,nan,,,,,,,
adam,2124,2124,0.03196217603871616,,,nan,,,,,,,
adam,2125,2125,0.031958889775526404,,,nan,,,,,,,
adam,2126,2126,0.03195560255874806,,,nan,,,,,,,
adam,2127,2127,0.031952314307178056,,,nan,,,,,,,
adam,2128,2128,0.03194902480688749,,,nan,,,,,,,
adam,2129,2129,0.03194573394679456,,,nan,,,,,,,
adam,2130,2130,0.031942441748813194,,,nan,,,,,,,
adam,2131,2131,0.03193914820805297,,,nan,,,,,,,
adam,2132,2132,0.03193585320154684,,,nan,,,,,,,
adam,2133,2133,0.031932556532725684,,,nan,,,,,,,
adam,2134,2134,0.03192925820113117,,,nan,,,,,,,
adam,2135,2135,0.0319259583856293,,,nan,,,,,,,
adam,2136,2136,0.031922657582180214,,,nan,,,,,,,
adam,2137,2137,0.03191935632552932,,,nan,,,,,,,
adam,2138,2138,0.03191605572542233,,,nan,,,,,,,
adam,2139,2139,0.031912757151788596,,,nan,,,,,,,
adam,2140,2140,0.031909464014710294,,,nan,,,,,,,
adam,2141,2141,0.03190618024792035,,,nan,,,,,,,
adam,2142,2142,0.031902916233698383,,,nan,,,,,,,
adam,2143,2143,0.03189968234161366,,,nan,,,,,,,
adam,2144,2144,0.031896511741184234,,,nan,,,,,,,
adam,2145,2145,0.03189343080656214,,,nan,,,,,,,
adam,2146,2146,0.0318905531518699,,,nan,,,,,,,
adam,2147,2147,0.03188793481755453,,,nan,,,,,,,
adam,2148,2148,0.031885994847091016,,,nan,,,,,,,
adam,2149,2149,0.03188476774794613,,,nan,,,,,,,
adam,2150,2150,0.03188592395091972,,,nan,,,,,,,
adam,2151,2151,0.031888718729536476,,,nan,,,,,,,
adam,2152,2152,0.031900231652388124,,,nan,,,,,,,
adam,2153,2153,0.03191276805101649,,,nan,,,,,,,
adam,2154,2154,0.03195638329736179,,,nan,,,,,,,
adam,2155,2155,0.03197758587648308,,,nan,,,,,,,
adam,2156,2156,0.03208696733795683,,,nan,,,,,,,
adam,2157,2157,0.032048301909738716,,,nan,,,,,,,
adam,2158,2158,0.032143528180400414,,,nan,,,,,,,
adam,2159,2159,0.03199664408331339,,,nan,,,,,,,
adam,2160,2160,0.031952650878710374,,,nan,,,,,,,
adam,2161,2161,0.03187412160716821,,,nan,,,,,,,
adam,2162,2162,0.03184134719122909,,,nan,,,,,,,
adam,2163,2163,0.03183683029469705,,,nan,,,,,,,
adam,2164,2164,0.03185357424948435,,,nan,,,,,,,
adam,2165,2165,0.03189280271610672,,,nan,,,,,,,
adam,2166,2166,0.03191571661839135,,,nan,,,,,,,
adam,2167,2167,0.031985320695091454,,,nan,,,,,,,
adam,2168,2168,0.03194803727396852,,,nan,,,,,,,
adam,2169,2169,0.03197101590318059,,,nan,,,,,,,
adam,2170,2170,0.03189158466738232,,,nan,,,,,,,
adam,2171,2171,0.03185583951887535,,,nan,,,,,,,
adam,2172,2172,0.03181718958906431,,,nan,,,,,,,
adam,2173,2173,0.031801130957935235,,,nan,,,,,,,
adam,2174,2174,0.03180171022423839,,,nan,,,,,,,
adam,2175,2175,0.03181340099175218,,,nan,,,,,,,
adam,2176,2176,0.03183735752450985,,,nan,,,,,,,
adam,2177,2177,0.03184768852216077,,,nan,,,,,,,
adam,2178,2178,0.0318797941199362,,,nan,,,,,,,
adam,2179,2179,0.03186267137431975,,,nan,,,,,,,
adam,2180,2180,0.03187632871279541,,,nan,,,,,,,
adam,2181,2181,0.031837480543968524,,,nan,,,,,,,
adam,2182,2182,0.03182301864038342,,,nan,,,,,,,
adam,2183,2183,0.03179149349322992,,,nan,,,,,,,
adam,2184,2184,0.0317730431936766,,,nan,,,,,,,
adam,2185,2185,0.03176040873679639,,,nan,,,,,,,
adam,2186,2186,0.031755677701629556,,,nan,,,,,,,
adam,2187,2187,0.031757100533410965,,,nan,,,,,,,
adam,2188,2188,0.031761860490947355,,,nan,,,,,,,
adam,2189,2189,0.031771748134400486,,,nan,,,,,,,
adam,2190,2190,0.03177652754258185,,,nan,,,,,,,
adam,2191,2191,0.031792309620084475,,,nan,,,,,,,
adam,2192,2192,0.031789313193377355,,,nan,,,,,,,
adam,2193,2193,0.03180475684380302,,,nan,,,,,,,
adam,2194,2194,0.03178776376423562,,,nan,,,,,,,
adam,2195,2195,0.031789805849128265,,,nan,,,,,,,
adam,2196,2196,0.031764319262042005,,,nan,,,,,,,
adam,2197,2197,0.03175248051478983,,,nan,,,,,,,
adam,2198,2198,0.031732720593954516,,,nan,,,,,,,
adam,2199,2199,0.031720701851460524,,,nan,,,,,,,
adam,2200,2200,0.03171074491222215,,,0.016011478824144117,,,,,,,
adam,2201,2201,0.03170428948462452,,,nan,,,,,,,
adam,2202,2202,0.03169993621901997,,,nan,,,,,,,
adam,2203,2203,0.031697037727496484,,,nan,,,,,,,
adam,2204,2204,0.03169532906492718,,,nan,,,,,,,
adam,2205,2205,0.03169442435609286,,,nan,,,,,,,
adam,2206,2206,0.03169533788615047,,,nan,,,,,,,
adam,2207,2207,0.03169581703683315,,,nan,,,,,,,
adam,2208,2208,0.031700124958328565,,,nan,,,,,,,
adam,2209,2209,0.03170093368710864,,,nan,,,,,,,
adam,2210,2210,0.03170976729147723,,,nan,,,,,,,
adam,2211,2211,0.031709704677389344,,,nan,,,,,,,
adam,2212,2212,0.03172475789854569,,,nan,,,,,,,
adam,2213,2213,0.031721867070240405,,,nan,,,,,,,
adam,2214,2214,0.0317432915324283,,,nan,,,,,,,
adam,2215,2215,0.031733840443292305,,,nan,,,,,,,
adam,2216,2216,0.031756571411913834,,,nan,,,,,,,
adam,2217,2217,0.03173809333516133,,,nan,,,,,,,
adam,2218,2218,0.031752454124551736,,,nan,,,,,,,
adam,2219,2219,0.03173176896170167,,,nan,,,,,,,
adam,2220,2220,0.0317359296184673,,,nan,,,,,,,
adam,2221,2221,0.031727632161378104,,,nan,,,,,,,
adam,2222,2222,0.03173223739808895,,,nan,,,,,,,
adam,2223,2223,0.03174555679399439,,,nan,,,,,,,
adam,2224,2224,0.031758459762148875,,,nan,,,,,,,
adam,2225,2225,0.03179426499714688,,,nan,,,,,,,
adam,2226,2226,0.031811492147152114,,,nan,,,,,,,
adam,2227,2227,0.03186341488870871,,,nan,,,,,,,
adam,2228,2228,0.03186892972424003,,,nan,,,,,,,
adam,2229,2229,0.031916700215616454,,,nan,,,,,,,
adam,2230,2230,0.03188867973532433,,,nan,,,,,,,
adam,2231,2231,0.03190058915654409,,,nan,,,,,,,
adam,2232,2232,0.03183601529485689,,,nan,,,,,,,
adam,2233,2233,0.03180234979851146,,,nan,,,,,,,
adam,2234,2234,0.03173230955017773,,,nan,,,,,,,
adam,2235,2235,0.03168476096119535,,,nan,,,,,,,
adam,2236,2236,0.03164228849149174,,,nan,,,,,,,
adam,2237,2237,0.031614057800384586,,,nan,,,,,,,
adam,2238,2238,0.031605116456978645,,,nan,,,,,,,
adam,2239,2239,0.031600941204766544,,,nan,,,,,,,
adam,2240,2240,0.03161623428230653,,,nan,,,,,,,
adam,2241,2241,0.031625859637588724,,,nan,,,,,,,
adam,2242,2242,0.031657188247512034,,,nan,,,,,,,
adam,2243,2243,0.031669798116823966,,,nan,,,,,,,
adam,2244,2244,0.03171006031795436,,,nan,,,,,,,
adam,2245,2245,0.03171626310891459,,,nan,,,,,,,
adam,2246,2246,0.0317539884837,,,nan,,,,,,,
adam,2247,2247,0.031746242016012026,,,nan,,,,,,,
adam,2248,2248,0.03176800159157453,,,nan,,,,,,,
adam,2249,2249,0.03174265379332119,,,nan,,,,,,,
adam,2250,2250,0.0317420221659412,,,nan,,,,,,,
adam,2251,2251,0.031702902096997235,,,nan,,,,,,,
adam,2252,2252,0.031685466926856726,,,nan,,,,,,,
adam,2253,2253,0.031645028887534093,,,nan,,,,,,,
adam,2254,2254,0.03162411328139238,,,nan,,,,,,,
adam,2255,2255,0.03159506635193823,,,nan,,,,,,,
adam,2256,2256,0.03158138089353543,,,nan,,,,,,,
adam,2257,2257,0.03156993916805207,,,nan,,,,,,,
adam,2258,2258,0.03156594012829572,,,nan,,,,,,,
adam,2259,2259,0.031573904427762076,,,nan,,,,,,,
adam,2260,2260,0.03157345627909181,,,nan,,,,,,,
adam,2261,2261,0.03159842435306379,,,nan,,,,,,,
adam,2262,2262,0.0315872244965122,,,nan,,,,,,,
adam,2263,2263,0.031613786391871526,,,nan,,,,,,,
adam,2264,2264,0.03158232752427907,,,nan,,,,,,,
adam,2265,2265,0.03158838849699294,,,nan,,,,,,,
adam,2266,2266,0.03155303472486963,,,nan,,,,,,,
adam,2267,2267,0.03154267651488819,,,nan,,,,,,,
adam,2268,2268,0.03152484723373197,,,nan,,,,,,,
adam,2269,2269,0.03151890241270205,,,nan,,,,,,,
adam,2270,2270,0.03152348335881789,,,nan,,,,,,,
adam,2271,2271,0.03153270220010119,,,nan,,,,,,,
adam,2272,2272,0.03156173040099798,,,nan,,,,,,,
adam,2273,2273,0.031590299856873116,,,nan,,,,,,,
adam,2274,2274,0.03165506626990713,,,nan,,,,,,,
adam,2275,2275,0.031703848879540045,,,nan,,,,,,,
adam,2276,2276,0.03181777831025523,,,nan,,,,,,,
adam,2277,2277,0.03186111874593245,,,nan,,,,,,,
adam,2278,2278,0.03199300990321871,,,nan,,,,,,,
adam,2279,2279,0.03194799098190004,,,nan,,,,,,,
adam,2280,2280,0.03197485712729259,,,nan,,,,,,,
adam,2281,2281,0.031805873303999956,,,nan,,,,,,,
adam,2282,2282,0.031691452487032076,,,nan,,,,,,,
adam,2283,2283,0.03154124818006883,,,nan,,,,,,,
adam,2284,2284,0.03145938543843573,,,nan,,,,,,,
adam,2285,2285,0.031426453548666654,,,nan,,,,,,,
adam,2286,2286,0.0314494701895269,,,nan,,,,,,,
adam,2287,2287,0.03150197528744267,,,nan,,,,,,,
adam,2288,2288,0.03157356415341549,,,nan,,,,,,,
adam,2289,2289,0.03167176642002572,,,nan,,,,,,,
adam,2290,2290,0.03172266241132926,,,nan,,,,,,,
adam,2291,2291,0.03180188170114257,,,nan,,,,,,,
adam,2292,2292,0.03175064648256482,,,nan,,,,,,,
adam,2293,2293,0.03170989284588311,,,nan,,,,,,,
adam,2294,2294,0.031581677809967984,,,nan,,,,,,,
adam,2295,2295,0.031476469746756316,,,nan,,,,,,,
adam,2296,2296,0.031409569465068725,,,nan,,,,,,,
adam,2297,2297,0.03138707329371827,,,nan,,,,,,,
adam,2298,2298,0.03141694263246325,,,nan,,,,,,,
adam,2299,2299,0.03146316874718491,,,nan,,,,,,,
adam,2300,2300,0.03152759149550324,,,0.0164819063369887,,,,,,,
adam,2301,2301,0.031553972594112197,,,nan,,,,,,,
adam,2302,2302,0.03158722785651974,,,nan,,,,,,,
adam,2303,2303,0.03155120877667798,,,nan,,,,,,,
adam,2304,2304,0.0315224328636504,,,nan,,,,,,,
adam,2305,2305,0.03145278796657037,,,nan,,,,,,,
adam,2306,2306,0.03140150727701346,,,nan,,,,,,,
adam,2307,2307,0.03135792318136346,,,nan,,,,,,,
adam,2308,2308,0.03134328398357573,,,nan,,,,,,,
adam,2309,2309,0.031342803797449366,,,nan,,,,,,,
adam,2310,2310,0.031364434769553036,,,nan,,,,,,,
adam,2311,2311,0.0313813494623143,,,nan,,,,,,,
adam,2312,2312,0.03140431133997855,,,nan,,,,,,,
adam,2313,2313,0.0314135624491347,,,nan,,,,,,,
adam,2314,2314,0.031416607603572774,,,nan,,,,,,,
adam,2315,2315,0.031408660053711984,,,nan,,,,,,,
adam,2316,2316,0.031392232067978,,,nan,,,,,,,
adam,2317,2317,0.03136989463333907,,,nan,,,,,,,
adam,2318,2318,0.03134793061175039,,,nan,,,,,,,
adam,2319,2319,0.03132427393593841,,,nan,,,,,,,
adam,2320,2320,0.0313105182631955,,,nan,,,,,,,
adam,2321,2321,0.031295187669165773,,,nan,,,,,,,
adam,2322,2322,0.03129206005019511,,,nan,,,,,,,
adam,2323,2323,0.03128453271908309,,,nan,,,,,,,
adam,2324,2324,0.03128868897392004,,,nan,,,,,,,
adam,2325,2325,0.03128631535331977,,,nan,,,,,,,
adam,2326,2326,0.03129623428491646,,,nan,,,,,,,
adam,2327,2327,0.03129747810999529,,,nan,,,,,,,
adam,2328,2328,0.0313132088885829,,,nan,,,,,,,
adam,2329,2329,0.03131678302682826,,,nan,,,,,,,
adam,2330,2330,0.031339837278025105,,,nan,,,,,,,
adam,2331,2331,0.031345385375131804,,,nan,,,,,,,
adam,2332,2332,0.031378087754236714,,,nan,,,,,,,
adam,2333,2333,0.03138557901745025,,,nan,,,,,,,
adam,2334,2334,0.031428899599729325,,,nan,,,,,,,
adam,2335,2335,0.031438143359013654,,,nan,,,,,,,
adam,2336,2336,0.03149147778560432,,,nan,,,,,,,
adam,2337,2337,0.03149691904202774,,,nan,,,,,,,
adam,2338,2338,0.0315522600316055,,,nan,,,,,,,
adam,2339,2339,0.03153308863207621,,,nan,,,,,,,
adam,2340,2340,0.03156397583950846,,,nan,,,,,,,
adam,2341,2341,0.031501072212848466,,,nan,,,,,,,
adam,2342,2342,0.031483567832766006,,,nan,,,,,,,
adam,2343,2343,0.03139847922187813,,,nan,,,,,,,
adam,2344,2344,0.031352731342977516,,,nan,,,,,,,
adam,2345,2345,0.03129273250707091,,,nan,,,,,,,
adam,2346,2346,0.03125883359826909,,,nan,,,,,,,
adam,2347,2347,0.031246026095973926,,,nan,,,,,,,
adam,2348,2348,0.031231321358373254,,,nan,,,,,,,
adam,2349,2349,0.031253326192695115,,,nan,,,,,,,
adam,2350,2350,0.031235297411643437,,,nan,,,,,,,
adam,2351,2351,0.031258427183992805,,,nan,,,,,,,
adam,2352,2352,0.03122649680399551,,,nan,,,,,,,
adam,2353,2353,0.03122794754602116,,,nan,,,,,,,
adam,2354,2354,0.03120103319935329,,,nan,,,,,,,
adam,2355,2355,0.031194489811647366,,,nan,,,,,,,
adam,2356,2356,0.0311852908076168,,,nan,,,,,,,
adam,2357,2357,0.03118961378874103,,,nan,,,,,,,
adam,2358,2358,0.031196556850693894,,,nan,,,,,,,
adam,2359,2359,0.03122058979127063,,,nan,,,,,,,
adam,2360,2360,0.031243312458189784,,,nan,,,,,,,
adam,2361,2361,0.03129532945983277,,,nan,,,,,,,
adam,2362,2362,0.031338992763358615,,,nan,,,,,,,
adam,2363,2363,0.0314271717499406,,,nan,,,,,,,
adam,2364,2364,0.031489308351954376,,,nan,,,,,,,
adam,2365,2365,0.03159462522546606,,,nan,,,,,,,
adam,2366,2366,0.03162381905055996,,,nan,,,,,,,
adam,2367,2367,0.03166000097030567,,,nan,,,,,,,
adam,2368,2368,0.03156515822377121,,,nan,,,,,,,
adam,2369,2369,0.031467829795965935,,,nan,,,,,,,
adam,2370,2370,0.0313009612093126,,,nan,,,,,,,
adam,2371,2371,0.031177078839734505,,,nan,,,,,,,
adam,2372,2372,0.031089976918549655,,,nan,,,,,,,
adam,2373,2373,0.031059835042209133,,,nan,,,,,,,
adam,2374,2374,0.031075601448931473,,,nan,,,,,,,
adam,2375,2375,0.031123275872896004,,,nan,,,,,,,
adam,2376,2376,0.03118660656832415,,,nan,,,,,,,
adam,2377,2377,0.03125100882576713,,,nan,,,,,,,
adam,2378,2378,0.03130888620407436,,,nan,,,,,,,
adam,2379,2379,0.03132813662082904,,,nan,,,,,,,
adam,2380,2380,0.03133232058129563,,,nan,,,,,,,
adam,2381,2381,0.03127263597981703,,,nan,,,,,,,
adam,2382,2382,0.031213511322315347,,,nan,,,,,,,
adam,2383,2383,0.031126860679433547,,,nan,,,,,,,
adam,2384,2384,0.03106581453017229,,,nan,,,,,,,
adam,2385,2385,0.031027426037368324,,,nan,,,,,,,
adam,2386,2386,0.03101975584124874,,,nan,,,,,,,
adam,2387,2387,0.03103308213572275,,,nan,,,,,,,
adam,2388,2388,0.031065768599056236,,,nan,,,,,,,
adam,2389,2389,0.031088284629166137,,,nan,,,,,,,
adam,2390,2390,0.031122317746796337,,,nan,,,,,,,
adam,2391,2391,0.031124797532864654,,,nan,,,,,,,
adam,2392,2392,0.031132468987415424,,,nan,,,,,,,
adam,2393,2393,0.031115603508388098,,,nan,,,,,,,
adam,2394,2394,0.031095606742320064,,,nan,,,,,,,
adam,2395,2395,0.031072943832890155,,,nan,,,,,,,
adam,2396,2396,0.031045103354700846,,,nan,,,,,,,
adam,2397,2397,0.031027489542872672,,,nan,,,,,,,
adam,2398,2398,0.031011051128509687,,,nan,,,,,,,
adam,2399,2399,0.031007378777912792,,,nan,,,,,,,
adam,2400,2400,0.03100966958161262,,,0.015311327090929366,,,,,,,
adam,2401,2401,0.03103121876797258,,,nan,,,,,,,
adam,2402,2402,0.031043671495981175,,,nan,,,,,,,
adam,2403,2403,0.03109614458865662,,,nan,,,,,,,
adam,2404,2404,0.031087684263008952,,,nan,,,,,,,
adam,2405,2405,0.031139500775565664,,,nan,,,,,,,
adam,2406,2406,0.031102329549884577,,,nan,,,,,,,
adam,2407,2407,0.031126473032796982,,,nan,,,,,,,
adam,2408,2408,0.031120683145453274,,,nan,,,,,,,
adam,2409,2409,0.031175401722665322,,,nan,,,,,,,
adam,2410,2410,0.031217894289784488,,,nan,,,,,,,
adam,2411,2411,0.031335285450383325,,,nan,,,,,,,
adam,2412,2412,0.03135788683833844,,,nan,,,,,,,
adam,2413,2413,0.03145473740740644,,,nan,,,,,,,
adam,2414,2414,0.03135403963681869,,,nan,,,,,,,
adam,2415,2415,0.03130248979293804,,,nan,,,,,,,
adam,2416,2416,0.031127634511432602,,,nan,,,,,,,
adam,2417,2417,0.03100810751086952,,,nan,,,,,,,
adam,2418,2418,0.03091561750935951,,,nan,,,,,,,
adam,2419,2419,0.030880263918972917,,,nan,,,,,,,
adam,2420,2420,0.0308892033061847,,,nan,,,,,,,
adam,2421,2421,0.030928687546575583,,,nan,,,,,,,
adam,2422,2422,0.03098866692316508,,,nan,,,,,,,
adam,2423,2423,0.03104746737388242,,,nan,,,,,,,
adam,2424,2424,0.031126670152035543,,,nan,,,,,,,
adam,2425,2425,0.03115044974657665,,,nan,,,,,,,
adam,2426,2426,0.031195727146280074,,,nan,,,,,,,
adam,2427,2427,0.03113631281975523,,,nan,,,,,,,
adam,2428,2428,0.031095944109253214,,,nan,,,,,,,
adam,2429,2429,0.03099592251646732,,,nan,,,,,,,
adam,2430,2430,0.030928773378291585,,,nan,,,,,,,
adam,2431,2431,0.03088141594846063,,,nan,,,,,,,
adam,2432,2432,0.030876838073243124,,,nan,,,,,,,
adam,2433,2433,0.030884041353536888,,,nan,,,,,,,
adam,2434,2434,0.030929784945852083,,,nan,,,,,,,
adam,2435,2435,0.030929345417391126,,,nan,,,,,,,
adam,2436,2436,0.03096004674130907,,,nan,,,,,,,
adam,2437,2437,0.030938741874163195,,,nan,,,,,,,
adam,2438,2438,0.030932915425003572,,,nan,,,,,,,
adam,2439,2439,0.03091503496662531,,,nan,,,,,,,
adam,2440,2440,0.03089541650536731,,,nan,,,,,,,
adam,2441,2441,0.030886668330079366,,,nan,,,,,,,
adam,2442,2442,0.030873238352600384,,,nan,,,,,,,
adam,2443,2443,0.030876203881606282,,,nan,,,,,,,
adam,2444,2444,0.030880360213165342,,,nan,,,,,,,
adam,2445,2445,0.030909819916408076,,,nan,,,,,,,
adam,2446,2446,0.030924940863378103,,,nan,,,,,,,
adam,2447,2447,0.03099021812968617,,,nan,,,,,,,
adam,2448,2448,0.03096994072403366,,,nan,,,,,,,
adam,2449,2449,0.031017607485065088,,,nan,,,,,,,
adam,2450,2450,0.030956415709575306,,,nan,,,,,,,
adam,2451,2451,0.030954432840535406,,,nan,,,,,,,
adam,2452,2452,0.030925162764934268,,,nan,,,,,,,
adam,2453,2453,0.030941468257142807,,,nan,,,,,,,
adam,2454,2454,0.030948357302692436,,,nan,,,,,,,
adam,2455,2455,0.030999098392114854,,,nan,,,,,,,
adam,2456,2456,0.0310065475904144,,,nan,,,,,,,
adam,2457,2457,0.03104972876798679,,,nan,,,,,,,
adam,2458,2458,0.031019729061518307,,,nan,,,,,,,
adam,2459,2459,0.031007545548506207,,,nan,,,,,,,
adam,2460,2460,0.03093476576359742,,,nan,,,,,,,
adam,2461,2461,0.030876592997597103,,,nan,,,,,,,
adam,2462,2462,0.03080465508839792,,,nan,,,,,,,
adam,2463,2463,0.03075417640762619,,,nan,,,,,,,
adam,2464,2464,0.030717338311962723,,,nan,,,,,,,
adam,2465,2465,0.030698426394076897,,,nan,,,,,,,
adam,2466,2466,0.030692812757026955,,,nan,,,,,,,
adam,2467,2467,0.030697564065559742,,,nan,,,,,,,
adam,2468,2468,0.030707224993665762,,,nan,,,,,,,
adam,2469,2469,0.030724868708087084,,,nan,,,,,,,
adam,2470,2470,0.030738975104357497,,,nan,,,,,,,
adam,2471,2471,0.030763598756751834,,,nan,,,,,,,
adam,2472,2472,0.030776821483755566,,,nan,,,,,,,
adam,2473,2473,0.03080116656078947,,,nan,,,,,,,
adam,2474,2474,0.030812917763317703,,,nan,,,,,,,
adam,2475,2475,0.030827758353096806,,,nan,,,,,,,
adam,2476,2476,0.030847440588528622,,,nan,,,,,,,
adam,2477,2477,0.030854739727379014,,,nan,,,,,,,
adam,2478,2478,0.030895950183783022,,,nan,,,,,,,
adam,2479,2479,0.030906939133423718,,,nan,,,,,,,
adam,2480,2480,0.03097620737601994,,,nan,,,,,,,
adam,2481,2481,0.030996221794742894,,,nan,,,,,,,
adam,2482,2482,0.031097507915124736,,,nan,,,,,,,
adam,2483,2483,0.03111632149312661,,,nan,,,,,,,
adam,2484,2484,0.03125398774884115,,,nan,,,,,,,
adam,2485,2485,0.031174337416928932,,,nan,,,,,,,
adam,2486,2486,0.031220615063680873,,,nan,,,,,,,
adam,2487,2487,0.03097714200057699,,,nan,,,,,,,
adam,2488,2488,0.030834909695038108,,,nan,,,,,,,
adam,2489,2489,0.03069852479365519,,,nan,,,,,,,
adam,2490,2490,0.0306459313084122,,,nan,,,,,,,
adam,2491,2491,0.030654729404531462,,,nan,,,,,,,
adam,2492,2492,0.030677342080570248,,,nan,,,,,,,
adam,2493,2493,0.030749109932218875,,,nan,,,,,,,
adam,2494,2494,0.03072144941858581,,,nan,,,,,,,
adam,2495,2495,0.030738710164097946,,,nan,,,,,,,
adam,2496,2496,0.03070573270804776,,,nan,,,,,,,
adam,2497,2497,0.03070924992857748,,,nan,,,,,,,
adam,2498,2498,0.030718772097966647,,,nan,,,,,,,
adam,2499,2499,0.030767145249513413,,,nan,,,,,,,
adam,2500,2500,0.03079940110831511,,,0.016684039251893112,,,,,,,
adam,2501,2501,0.030841592159911776,,,nan,,,,,,,
adam,2502,2502,0.030844731434469037,,,nan,,,,,,,
adam,2503,2503,0.030817984923366175,,,nan,,,,,,,
adam,2504,2504,0.030753969835715527,,,nan,,,,,,,
adam,2505,2505,0.03068837366162098,,,nan,,,,,,,
adam,2506,2506,0.03061921316470018,,,nan,,,,,,,
adam,2507,2507,0.030576842041759887,,,nan,,,,,,,
adam,2508,2508,0.030552623767061794,,,nan,,,,,,,
adam,2509,2509,0.030547614422021585,,,nan,,,,,,,
adam,2510,2510,0.030549486910664454,,,nan,,,,,,,
adam,2511,2511,0.030564162627404832,,,nan,,,,,,,
adam,2512,2512,0.030562010395571326,,,nan,,,,,,,
adam,2513,2513,0.03057270166745902,,,nan,,,,,,,
adam,2514,2514,0.030559410720452967,,,nan,,,,,,,
adam,2515,2515,0.030558145444373856,,,nan,,,,,,,
adam,2516,2516,0.030551349359539494,,,nan,,,,,,,
adam,2517,2517,0.030552795037896506,,,nan,,,,,,,
adam,2518,2518,0.03056534974595191,,,nan,,,,,,,
adam,2519,2519,0.03058233418143269,,,nan,,,,,,,
adam,2520,2520,0.030622178213269367,,,nan,,,,,,,
adam,2521,2521,0.030660146378541704,,,nan,,,,,,,
adam,2522,2522,0.03073783154483764,,,nan,,,,,,,
adam,2523,2523,0.030792404308924687,,,nan,,,,,,,
adam,2524,2524,0.03091501950307691,,,nan,,,,,,,
adam,2525,2525,0.030958014913609933,,,nan,,,,,,,
adam,2526,2526,0.031092612020777805,,,nan,,,,,,,
adam,2527,2527,0.031046029683372396,,,nan,,,,,,,
adam,2528,2528,0.03107273464052139,,,nan,,,,,,,
adam,2529,2529,0.03089277301337235,,,nan,,,,,,,
adam,2530,2530,0.03076509999583826,,,nan,,,,,,,
adam,2531,2531,0.03059074061943196,,,nan,,,,,,,
adam,2532,2532,0.030484210309482868,,,nan,,,,,,,
adam,2533,2533,0.03043567481029883,,,nan,,,,,,,
adam,2534,2534,0.030442582103978256,,,nan,,,,,,,
adam,2535,2535,0.03048989143701522,,,nan,,,,,,,
adam,2536,2536,0.030556403430255508,,,nan,,,,,,,
adam,2537,2537,0.030649125689959797,,,nan,,,,,,,
adam,2538,2538,0.03070619745606399,,,nan,,,,,,,
adam,2539,2539,0.0307868204350666,,,nan,,,,,,,
adam,2540,2540,0.030763251139780453,,,nan,,,,,,,
adam,2541,2541,0.030755237580313184,,,nan,,,,,,,
adam,2542,2542,0.03064887744175203,,,nan,,,,,,,
adam,2543,2543,0.030564828954316874,,,nan,,,,,,,
adam,2544,2544,0.030469851811169145,,,nan,,,,,,,
adam,2545,2545,0.03041125668906563,,,nan,,,,,,,
adam,2546,2546,0.030385664792780757,,,nan,,,,,,,
adam,2547,2547,0.030390134548997513,,,nan,,,,,,,
adam,2548,2548,0.030416126961453183,,,nan,,,,,,,
adam,2549,2549,0.03045175992363985,,,nan,,,,,,,
adam,2550,2550,0.030499166804755576,,,nan,,,,,,,
adam,2551,2551,0.030532231917446428,,,nan,,,,,,,
adam,2552,2552,0.03057917811709868,,,nan,,,,,,,
adam,2553,2553,0.03058466026562425,,,nan,,,,,,,
adam,2554,2554,0.03060597953801621,,,nan,,,,,,,
adam,2555,2555,0.03057044138594269,,,nan,,,,,,,
adam,2556,2556,0.030550219631802034,,,nan,,,,,,,
adam,2557,2557,0.030490791472472713,,,nan,,,,,,,
adam,2558,2558,0.03044858061431517,,,nan,,,,,,,
adam,2559,2559,0.030402543290501814,,,nan,,,,,,,
adam,2560,2560,0.030374183138372757,,,nan,,,,,,,
adam,2561,2561,0.03036183577551997,,,nan,,,,,,,
adam,2562,2562,0.03035871778332804,,,nan,,,,,,,
adam,2563,2563,0.030377766577033907,,,nan,,,,,,,
adam,2564,2564,0.030386218372486434,,,nan,,,,,,,
adam,2565,2565,0.030425853637545075,,,nan,,,,,,,
adam,2566,2566,0.03042103445502389,,,nan,,,,,,,
adam,2567,2567,0.03045655690263773,,,nan,,,,,,,
adam,2568,2568,0.030423018987392435,,,nan,,,,,,,
adam,2569,2569,0.03042551693481573,,,nan,,,,,,,
adam,2570,2570,0.030385292502391137,,,nan,,,,,,,
adam,2571,2571,0.030367390664259735,,,nan,,,,,,,
adam,2572,2572,0.030345421219869786,,,nan,,,,,,,
adam,2573,2573,0.0303381873075508,,,nan,,,,,,,
adam,2574,2574,0.030338770250554772,,,nan,,,,,,,
adam,2575,2575,0.030357486074118617,,,nan,,,,,,,
adam,2576,2576,0.030389294138158607,,,nan,,,,,,,
adam,2577,2577,0.030446006152185293,,,nan,,,,,,,
adam,2578,2578,0.03054191323324833,,,nan,,,,,,,
adam,2579,2579,0.030648706828130784,,,nan,,,,,,,
adam,2580,2580,0.0308304912955944,,,nan,,,,,,,
adam,2581,2581,0.030976351242723115,,,nan,,,,,,,
adam,2582,2582,0.031094060618832048,,,nan,,,,,,,
adam,2583,2583,0.031245708369458804,,,nan,,,,,,,
adam,2584,2584,0.03104846448415531,,,nan,,,,,,,
adam,2585,2585,0.030927300145515417,,,nan,,,,,,,
adam,2586,2586,0.030564210783292967,,,nan,,,,,,,
adam,2587,2587,0.030346378589586116,,,nan,,,,,,,
adam,2588,2588,0.030275862166561272,,,nan,,,,,,,
adam,2589,2589,0.03037282426570812,,,nan,,,,,,,
adam,2590,2590,0.030531263520792384,,,nan,,,,,,,
adam,2591,2591,0.030697209553476372,,,nan,,,,,,,
adam,2592,2592,0.03083252055504396,,,nan,,,,,,,
adam,2593,2593,0.030767695255370115,,,nan,,,,,,,
adam,2594,2594,0.030697260417763578,,,nan,,,,,,,
adam,2595,2595,0.030462213963554374,,,nan,,,,,,,
adam,2596,2596,0.030300486995186768,,,nan,,,,,,,
adam,2597,2597,0.0302288912597028,,,nan,,,,,,,
adam,2598,2598,0.030274904146665706,,,nan,,,,,,,
adam,2599,2599,0.03036811400830727,,,nan,,,,,,,
adam,2600,2600,0.03045727335971256,,,0.016549395951713574,,,,,,,
adam,2601,2601,0.03047328710735113,,,nan,,,,,,,
adam,2602,2602,0.03040538670215329,,,nan,,,,,,,
adam,2603,2603,0.03031497750818928,,,nan,,,,,,,
adam,2604,2604,0.03022541445649976,,,nan,,,,,,,
adam,2605,2605,0.030186047888974304,,,nan,,,,,,,
adam,2606,2606,0.03019602551186728,,,nan,,,,,,,
adam,2607,2607,0.030243882220596714,,,nan,,,,,,,
adam,2608,2608,0.03028368804780642,,,nan,,,,,,,
adam,2609,2609,0.03032537890154792,,,nan,,,,,,,
adam,2610,2610,0.030304688047501006,,,nan,,,,,,,
adam,2611,2611,0.0302752541636232,,,nan,,,,,,,
adam,2612,2612,0.030215671836811106,,,nan,,,,,,,
adam,2613,2613,0.0301700489518972,,,nan,,,,,,,
adam,2614,2614,0.030145303801859546,,,nan,,,,,,,
adam,2615,2615,0.030144145247944294,,,nan,,,,,,,
adam,2616,2616,0.03016015707514689,,,nan,,,,,,,
adam,2617,2617,0.03018005013435867,,,nan,,,,,,,
adam,2618,2618,0.03020338675924477,,,nan,,,,,,,
adam,2619,2619,0.030204122581274383,,,nan,,,,,,,
adam,2620,2620,0.030207899429457022,,,nan,,,,,,,
adam,2621,2621,0.030182594217178615,,,nan,,,,,,,
adam,2622,2622,0.030166101033257106,,,nan,,,,,,,
adam,2623,2623,0.03013917346863837,,,nan,,,,,,,
adam,2624,2624,0.030122088845727556,,,nan,,,,,,,
adam,2625,2625,0.030108678301017003,,,nan,,,,,,,
adam,2626,2626,0.030102067732370515,,,nan,,,,,,,
adam,2627,2627,0.030100252662563984,,,nan,,,,,,,
adam,2628,2628,0.030101846904095675,,,nan,,,,,,,
adam,2629,2629,0.030104939215746966,,,nan,,,,,,,
adam,2630,2630,0.03010871954024292,,,nan,,,,,,,
adam,2631,2631,0.03011208955267298,,,nan,,,,,,,
adam,2632,2632,0.030115458864557854,,,nan,,,,,,,
adam,2633,2633,0.030118804553936195,,,nan,,,,,,,
adam,2634,2634,0.030122867306860285,,,nan,,,,,,,
adam,2635,2635,0.0301272454543563,,,nan,,,,,,,
adam,2636,2636,0.030134795452041924,,,nan,,,,,,,
adam,2637,2637,0.03014232207334828,,,nan,,,,,,,
adam,2638,2638,0.03015813231677459,,,nan,,,,,,,
adam,2639,2639,0.03017181211898258,,,nan,,,,,,,
adam,2640,2640,0.03020432596965921,,,nan,,,,,,,
adam,2641,2641,0.030230511330363675,,,nan,,,,,,,
adam,2642,2642,0.030296014445508578,,,nan,,,,,,,
adam,2643,2643,0.030341488815638005,,,nan,,,,,,,
adam,2644,2644,0.03045833661408876,,,nan,,,,,,,
adam,2645,2645,0.030510359295016082,,,nan,,,,,,,
adam,2646,2646,0.03066193193473253,,,nan,,,,,,,
adam,2647,2647,0.03065554242853804,,,nan,,,,,,,
adam,2648,2648,0.03075115169087536,,,nan,,,,,,,
adam,2649,2649,0.03061490111166936,,,nan,,,,,,,
adam,2650,2650,0.03059434940605353,,,nan,,,,,,,
adam,2651,2651,0.030338145404847833,,,nan,,,,,,,
adam,2652,2652,0.03020884130043706,,,nan,,,,,,,
adam,2653,2653,0.030061620474075894,,,nan,,,,,,,
adam,2654,2654,0.030017925488873862,,,nan,,,,,,,
adam,2655,2655,0.030048846342267434,,,nan,,,,,,,
adam,2656,2656,0.030129719641942217,,,nan,,,,,,,
adam,2657,2657,0.03025691107635115,,,nan,,,,,,,
adam,2658,2658,0.03033511955451066,,,nan,,,,,,,
adam,2659,2659,0.03045394101368085,,,nan,,,,,,,
adam,2660,2660,0.03039742586152995,,,nan,,,,,,,
adam,2661,2661,0.030364226354759646,,,nan,,,,,,,
adam,2662,2662,0.030222510474357485,,,nan,,,,,,,
adam,2663,2663,0.030121761606408733,,,nan,,,,,,,
adam,2664,2664,0.03003828059795399,,,nan,,,,,,,
adam,2665,2665,0.0300042580088551,,,nan,,,,,,,
adam,2666,2666,0.03000973958259424,,,nan,,,,,,,
adam,2667,2667,0.030023586426170923,,,nan,,,,,,,
adam,2668,2668,0.0300652858350652,,,nan,,,,,,,
adam,2669,2669,0.03006954544463706,,,nan,,,,,,,
adam,2670,2670,0.030089935289180608,,,nan,,,,,,,
adam,2671,2671,0.03008005164542253,,,nan,,,,,,,
adam,2672,2672,0.03008448631720889,,,nan,,,,,,,
adam,2673,2673,0.030077743241110684,,,nan,,,,,,,
adam,2674,2674,0.030091320074957222,,,nan,,,,,,,
adam,2675,2675,0.030092555631453334,,,nan,,,,,,,
adam,2676,2676,0.030113611996374565,,,nan,,,,,,,
adam,2677,2677,0.030122532185899074,,,nan,,,,,,,
adam,2678,2678,0.030125902221568305,,,nan,,,,,,,
adam,2679,2679,0.03012922780502494,,,nan,,,,,,,
adam,2680,2680,0.030093702792423585,,,nan,,,,,,,
adam,2681,2681,0.03007247920330896,,,nan,,,,,,,
adam,2682,2682,0.030025732101177233,,,nan,,,,,,,
adam,2683,2683,0.02999482158830403,,,nan,,,,,,,
adam,2684,2684,0.029965146044446323,,,nan,,,,,,,
adam,2685,2685,0.029944194361667426,,,nan,,,,,,,
adam,2686,2686,0.02993114349537077,,,nan,,,,,,,
adam,2687,2687,0.029921874501015425,,,nan,,,,,,,
adam,2688,2688,0.029917631120192162,,,nan,,,,,,,
adam,2689,2689,0.029914627991651954,,,nan,,,,,,,
adam,2690,2690,0.029914746478477895,,,nan,,,,,,,
adam,2691,2691,0.029914999974035166,,,nan,,,,,,,
adam,2692,2692,0.02991882461404358,,,nan,,,,,,,
adam,2693,2693,0.02992176950975832,,,nan,,,,,,,
adam,2694,2694,0.029930433416160376,,,nan,,,,,,,
adam,2695,2695,0.029937487254390945,,,nan,,,,,,,
adam,2696,2696,0.029954696787078496,,,nan,,,,,,,
adam,2697,2697,0.029970365185039278,,,nan,,,,,,,
adam,2698,2698,0.030006068117201946,,,nan,,,,,,,
adam,2699,2699,0.03004055062005635,,,nan,,,,,,,
adam,2700,2700,0.03011759489276858,,,0.01598691882671591,,,,,,,
adam,2701,2701,0.030183487319608716,,,nan,,,,,,,
adam,2702,2702,0.030334624250875145,,,nan,,,,,,,
adam,2703,2703,0.030409271886389783,,,nan,,,,,,,
adam,2704,2704,0.030608749535248708,,,nan,,,,,,,
adam,2705,2705,0.030557102918849947,,,nan,,,,,,,
adam,2706,2706,0.03060571272431977,,,nan,,,,,,,
adam,2707,2707,0.03036418247762511,,,nan,,,,,,,
adam,2708,2708,0.030198036486085104,,,nan,,,,,,,
adam,2709,2709,0.03005147164286273,,,nan,,,,,,,
adam,2710,2710,0.029947706031535303,,,nan,,,,,,,
adam,2711,2711,0.02999902751002334,,,nan,,,,,,,
adam,2712,2712,0.03001351389043498,,,nan,,,,,,,
adam,2713,2713,0.030117132855228226,,,nan,,,,,,,
adam,2714,2714,0.030162831384569926,,,nan,,,,,,,
adam,2715,2715,0.030250763469151842,,,nan,,,,,,,
adam,2716,2716,0.03021506798414255,,,nan,,,,,,,
adam,2717,2717,0.030211613781394354,,,nan,,,,,,,
adam,2718,2718,0.030104461443536113,,,nan,,,,,,,
adam,2719,2719,0.03001704000584654,,,nan,,,,,,,
adam,2720,2720,0.029998675024821897,,,nan,,,,,,,
adam,2721,2721,0.029916670653380526,,,nan,,,,,,,
adam,2722,2722,0.029944782821466218,,,nan,,,,,,,
adam,2723,2723,0.029922672957026084,,,nan,,,,,,,
adam,2724,2724,0.029947548050352144,,,nan,,,,,,,
adam,2725,2725,0.029962690171898357,,,nan,,,,,,,
adam,2726,2726,0.03000344125544411,,,nan,,,,,,,
adam,2727,2727,0.030010997147464063,,,nan,,,,,,,
adam,2728,2728,0.03000407853564712,,,nan,,,,,,,
adam,2729,2729,0.030005354022573566,,,nan,,,,,,,
adam,2730,2730,0.029913679493301742,,,nan,,,,,,,
adam,2731,2731,0.029885064386040737,,,nan,,,,,,,
adam,2732,2732,0.02980868030581283,,,nan,,,,,,,
adam,2733,2733,0.02978450734828979,,,nan,,,,,,,
adam,2734,2734,0.029781287667215536,,,nan,,,,,,,
adam,2735,2735,0.029802560395989962,,,nan,,,,,,,
adam,2736,2736,0.029832861630568166,,,nan,,,,,,,
adam,2737,2737,0.029865554437824633,,,nan,,,,,,,
adam,2738,2738,0.0298908425591321,,,nan,,,,,,,
adam,2739,2739,0.029880144672434186,,,nan,,,,,,,
adam,2740,2740,0.02986972497904998,,,nan,,,,,,,
adam,2741,2741,0.029820912050075626,,,nan,,,,,,,
adam,2742,2742,0.029788135222672096,,,nan,,,,,,,
adam,2743,2743,0.029750179200231493,,,nan,,,,,,,
adam,2744,2744,0.029727087309288525,,,nan,,,,,,,
adam,2745,2745,0.0297130274942904,,,nan,,,,,,,
adam,2746,2746,0.02970831833998222,,,nan,,,,,,,
adam,2747,2747,0.029711117292834877,,,nan,,,,,,,
adam,2748,2748,0.0297184266098406,,,nan,,,,,,,
adam,2749,2749,0.029729790352901936,,,nan,,,,,,,
adam,2750,2750,0.029737546401534087,,,nan,,,,,,,
adam,2751,2751,0.029750370606772672,,,nan,,,,,,,
adam,2752,2752,0.029754195813677494,,,nan,,,,,,,
adam,2753,2753,0.029766817846555053,,,nan,,,,,,,
adam,2754,2754,0.029770031647418337,,,nan,,,,,,,
adam,2755,2755,0.029782097967163773,,,nan,,,,,,,
adam,2756,2756,0.02979280061765638,,,nan,,,,,,,
adam,2757,2757,0.029808391219277662,,,nan,,,,,,,
adam,2758,2758,0.029837288585677437,,,nan,,,,,,,
adam,2759,2759,0.029859060482497944,,,nan,,,,,,,
adam,2760,2760,0.029909061377371295,,,nan,,,,,,,
adam,2761,2761,0.029930360315099984,,,nan,,,,,,,
adam,2762,2762,0.02999540305896585,,,nan,,,,,,,
adam,2763,2763,0.0300012402497927,,,nan,,,,,,,
adam,2764,2764,0.030060867776829335,,,nan,,,,,,,
adam,2765,2765,0.030027504529386,,,nan,,,,,,,
adam,2766,2766,0.03004207161927073,,,nan,,,,,,,
adam,2767,2767,0.029958193011361475,,,nan,,,,,,,
adam,2768,2768,0.029908683018382926,,,nan,,,,,,,
adam,2769,2769,0.02981131780811532,,,nan,,,,,,,
adam,2770,2770,0.02974404145142502,,,nan,,,,,,,
adam,2771,2771,0.02968451774280856,,,nan,,,,,,,
adam,2772,2772,0.029651596259075798,,,nan,,,,,,,
adam,2773,2773,0.029637296848874554,,,nan,,,,,,,
adam,2774,2774,0.02964151806849721,,,nan,,,,,,,
adam,2775,2775,0.029653829288463367,,,nan,,,,,,,
adam,2776,2776,0.029680219539168797,,,nan,,,,,,,
adam,2777,2777,0.029708048706057654,,,nan,,,,,,,
adam,2778,2778,0.02974778273903465,,,nan,,,,,,,
adam,2779,2779,0.029786388524641084,,,nan,,,,,,,
adam,2780,2780,0.029827747514995777,,,nan,,,,,,,
adam,2781,2781,0.029865382548385173,,,nan,,,,,,,
adam,2782,2782,0.029885580791909033,,,nan,,,,,,,
adam,2783,2783,0.02990229996501689,,,nan,,,,,,,
adam,2784,2784,0.029880241201427578,,,nan,,,,,,,
adam,2785,2785,0.029863689824679893,,,nan,,,,,,,
adam,2786,2786,0.0298068341689239,,,nan,,,,,,,
adam,2787,2787,0.029766630912389472,,,nan,,,,,,,
adam,2788,2788,0.029706976613390935,,,nan,,,,,,,
adam,2789,2789,0.029666692170594144,,,nan,,,,,,,
adam,2790,2790,0.02962761639589907,,,nan,,,,,,,
adam,2791,2791,0.029603419485827995,,,nan,,,,,,,
adam,2792,2792,0.0295873927829977,,,nan,,,,,,,
adam,2793,2793,0.029581373534359974,,,nan,,,,,,,
adam,2794,2794,0.029580728394604475,,,nan,,,,,,,
adam,2795,2795,0.029590919471039624,,,nan,,,,,,,
adam,2796,2796,0.029596789901206042,,,nan,,,,,,,
adam,2797,2797,0.02962290987546367,,,nan,,,,,,,
adam,2798,2798,0.029622255951799507,,,nan,,,,,,,
adam,2799,2799,0.02965564260548996,,,nan,,,,,,,
adam,2800,2800,0.029632440388235592,,,0.014618012965706912,,,,,,,
adam,2801,2801,0.02964856672294667,,,nan,,,,,,,
adam,2802,2802,0.02961001190650343,,,nan,,,,,,,
adam,2803,2803,0.029601836891063788,,,nan,,,,,,,
adam,2804,2804,0.029574406122282945,,,nan,,,,,,,
adam,2805,2805,0.02956384060186623,,,nan,,,,,,,
adam,2806,2806,0.029557339915765132,,,nan,,,,,,,
adam,2807,2807,0.02956048439198336,,,nan,,,,,,,
adam,2808,2808,0.02957713539682118,,,nan,,,,,,,
adam,2809,2809,0.029604834486481747,,,nan,,,,,,,
adam,2810,2810,0.02966347077861806,,,nan,,,,,,,
adam,2811,2811,0.02973960002840226,,,nan,,,,,,,
adam,2812,2812,0.029896171650699882,,,nan,,,,,,,
adam,2813,2813,0.03004980108330116,,,nan,,,,,,,
adam,2814,2814,0.0303735238356314,,,nan,,,,,,,
adam,2815,2815,0.03049021862890544,,,nan,,,,,,,
adam,2816,2816,0.030776661313424068,,,nan,,,,,,,
adam,2817,2817,0.030468117353335156,,,nan,,,,,,,
adam,2818,2818,0.030234620881147353,,,nan,,,,,,,
adam,2819,2819,0.02978255331420887,,,nan,,,,,,,
adam,2820,2820,0.029561338163079633,,,nan,,,,,,,
adam,2821,2821,0.029549298502594218,,,nan,,,,,,,
adam,2822,2822,0.02971622366468466,,,nan,,,,,,,
adam,2823,2823,0.030002718222063133,,,nan,,,,,,,
adam,2824,2824,0.030151544869834665,,,nan,,,,,,,
adam,2825,2825,0.03032875842318265,,,nan,,,,,,,
adam,2826,2826,0.030071838601539825,,,nan,,,,,,,
adam,2827,2827,0.029814542388446823,,,nan,,,,,,,
adam,2828,2828,0.02954161956719477,,,nan,,,,,,,
adam,2829,2829,0.029477048248128506,,,nan,,,,,,,
adam,2830,2830,0.029600543522647488,,,nan,,,,,,,
adam,2831,2831,0.029768678700953066,,,nan,,,,,,,
adam,2832,2832,0.0299254385559737,,,nan,,,,,,,
adam,2833,2833,0.02985328055765229,,,nan,,,,,,,
adam,2834,2834,0.029740475961896808,,,nan,,,,,,,
adam,2835,2835,0.029549725507195704,,,nan,,,,,,,
adam,2836,2836,0.029449025083321922,,,nan,,,,,,,
adam,2837,2837,0.029462326829045107,,,nan,,,,,,,
adam,2838,2838,0.02954619267398648,,,nan,,,,,,,
adam,2839,2839,0.029637968776061497,,,nan,,,,,,,
adam,2840,2840,0.029643236943394925,,,nan,,,,,,,
adam,2841,2841,0.029611418861004272,,,nan,,,,,,,
adam,2842,2842,0.02951955198714034,,,nan,,,,,,,
adam,2843,2843,0.029447869952848614,,,nan,,,,,,,
adam,2844,2844,0.029417246802049206,,,nan,,,,,,,
adam,2845,2845,0.02943397519915258,,,nan,,,,,,,
adam,2846,2846,0.029476047038085658,,,nan,,,,,,,
adam,2847,2847,0.029505840127073208,,,nan,,,,,,,
adam,2848,2848,0.02951674807955921,,,nan,,,,,,,
adam,2849,2849,0.029491076845803738,,,nan,,,,,,,
adam,2850,2850,0.029462756236336783,,,nan,,,,,,,
adam,2851,2851,0.02943541542102476,,,nan,,,,,,,
adam,2852,2852,0.029438767922112738,,,nan,,,,,,,
adam,2853,2853,0.02945029135558959,,,nan,,,,,,,
adam,2854,2854,0.029501200603848962,,,nan,,,,,,,
adam,2855,2855,0.02952236579731892,,,nan,,,,,,,
adam,2856,2856,0.02958450594500689,,,nan,,,,,,,
adam,2857,2857,0.02955533513191183,,,nan,,,,,,,
adam,2858,2858,0.02957078658513614,,,nan,,,,,,,
adam,2859,2859,0.02949027563280663,,,nan,,,,,,,
adam,2860,2860,0.029456612310154638,,,nan,,,,,,,
adam,2861,2861,0.02940306666999378,,,nan,,,,,,,
adam,2862,2862,0.029379406115238878,,,nan,,,,,,,
adam,2863,2863,0.029366400818677786,,,nan,,,,,,,
adam,2864,2864,0.029364966734892757,,,nan,,,,,,,
adam,2865,2865,0.02936873906084193,,,nan,,,,,,,
adam,2866,2866,0.029375431348500437,,,nan,,,,,,,
adam,2867,2867,0.029382968835562233,,,nan,,,,,,,
adam,2868,2868,0.0293908376934006,,,nan,,,,,,,
adam,2869,2869,0.02940710512443037,,,nan,,,,,,,
adam,2870,2870,0.029414052525537155,,,nan,,,,,,,
adam,2871,2871,0.029451200722840347,,,nan,,,,,,,
adam,2872,2872,0.02944102929567196,,,nan,,,,,,,
adam,2873,2873,0.029481756914345212,,,nan,,,,,,,
adam,2874,2874,0.029432046840390316,,,nan,,,,,,,
adam,2875,2875,0.0294326352648976,,,nan,,,,,,,
adam,2876,2876,0.02937981753243188,,,nan,,,,,,,
adam,2877,2877,0.029357804172745108,,,nan,,,,,,,
adam,2878,2878,0.02933179720347053,,,nan,,,,,,,
adam,2879,2879,0.029318411854682237,,,nan,,,,,,,
adam,2880,2880,0.029310655096217192,,,nan,,,,,,,
adam,2881,2881,0.029307276451196573,,,nan,,,,,,,
adam,2882,2882,0.029306903417669068,,,nan,,,,,,,
adam,2883,2883,0.029308512699369745,,,nan,,,,,,,
adam,2884,2884,0.029313217268490475,,,nan,,,,,,,
adam,2885,2885,0.029317620657969903,,,nan,,,,,,,
adam,2886,2886,0.029329592300741326,,,nan,,,,,,,
adam,2887,2887,0.029334885560297744,,,nan,,,,,,,
adam,2888,2888,0.029357649872569398,,,nan,,,,,,,
adam,2889,2889,0.02935729182036474,,,nan,,,,,,,
adam,2890,2890,0.029388009405519742,,,nan,,,,,,,
adam,2891,2891,0.02937105882609206,,,nan,,,,,,,
adam,2892,2892,0.029394104084305817,,,nan,,,,,,,
adam,2893,2893,0.02936044773402572,,,nan,,,,,,,
adam,2894,2894,0.029362432431539836,,,nan,,,,,,,
adam,2895,2895,0.02933084121959294,,,nan,,,,,,,
adam,2896,2896,0.029322598601100158,,,nan,,,,,,,
adam,2897,2897,0.029308182663473285,,,nan,,,,,,,
adam,2898,2898,0.029309625127644623,,,nan,,,,,,,
adam,2899,2899,0.029320213510961923,,,nan,,,,,,,
adam,2900,2900,0.029357300407034423,,,0.015313670823879326,,,,,,,
adam,2901,2901,0.029419393028537105,,,nan,,,,,,,
adam,2902,2902,0.02956305461897215,,,nan,,,,,,,
adam,2903,2903,0.02975260074923937,,,nan,,,,,,,
adam,2904,2904,0.030169679258728266,,,nan,,,,,,,
adam,2905,2905,0.030496968736763105,,,nan,,,,,,,
adam,2906,2906,0.031066004328491346,,,nan,,,,,,,
adam,2907,2907,0.0308341136106217,,,nan,,,,,,,
adam,2908,2908,0.030357785625416616,,,nan,,,,,,,
adam,2909,2909,0.0296125337955111,,,nan,,,,,,,
adam,2910,2910,0.029264809967980063,,,nan,,,,,,,
adam,2911,2911,0.029420357331475973,,,nan,,,,,,,
adam,2912,2912,0.029812825942432897,,,nan,,,,,,,
adam,2913,2913,0.03026735168413312,,,nan,,,,,,,
adam,2914,2914,0.03016933422651495,,,nan,,,,,,,
adam,2915,2915,0.02992534742539077,,,nan,,,,,,,
adam,2916,2916,0.029475366724501226,,,nan,,,,,,,
adam,2917,2917,0.029242656301738668,,,nan,,,,,,,
adam,2918,2918,0.02932797656920413,,,nan,,,,,,,
adam,2919,2919,0.02954247135384168,,,nan,,,,,,,
adam,2920,2920,0.029714202680777478,,,nan,,,,,,,
adam,2921,2921,0.029566947276014405,,,nan,,,,,,,
adam,2922,2922,0.02936867991491152,,,nan,,,,,,,
adam,2923,2923,0.029213111982689145,,,nan,,,,,,,
adam,2924,2924,0.029225013352502126,,,nan,,,,,,,
adam,2925,2925,0.02934955383974619,,,nan,,,,,,,
adam,2926,2926,0.02942310445132671,,,nan,,,,,,,
adam,2927,2927,0.029413635379388625,,,nan,,,,,,,
adam,2928,2928,0.029287459837081396,,,nan,,,,,,,
adam,2929,2929,0.02919401654086978,,,nan,,,,,,,
adam,2930,2930,0.02918397162846962,,,nan,,,,,,,
adam,2931,2931,0.0292406256946547,,,nan,,,,,,,
adam,2932,2932,0.029300145114602043,,,nan,,,,,,,
adam,2933,2933,0.029298503828564054,,,nan,,,,,,,
adam,2934,2934,0.029252942425364657,,,nan,,,,,,,
adam,2935,2935,0.029188185116523064,,,nan,,,,,,,
adam,2936,2936,0.02915677735990407,,,nan,,,,,,,
adam,2937,2937,0.02917013247960469,,,nan,,,,,,,
adam,2938,2938,0.029201229481604807,,,nan,,,,,,,
adam,2939,2939,0.029220810626622705,,,nan,,,,,,,
adam,2940,2940,0.029205889019768207,,,nan,,,,,,,
adam,2941,2941,0.02917733093254981,,,nan,,,,,,,
adam,2942,2942,0.029149097271626165,,,nan,,,,,,,
adam,2943,2943,0.02913952772541818,,,nan,,,,,,,
adam,2944,2944,0.02914785480614806,,,nan,,,,,,,
adam,2945,2945,0.02916543272481067,,,nan,,,,,,,
adam,2946,2946,0.029174326658383667,,,nan,,,,,,,
adam,2947,2947,0.02917601935567278,,,nan,,,,,,,
adam,2948,2948,0.029162393554125705,,,nan,,,,,,,
adam,2949,2949,0.02915863445925368,,,nan,,,,,,,
adam,2950,2950,0.029150891663242577,,,nan,,,,,,,
adam,2951,2951,0.029166063908874648,,,nan,,,,,,,
adam,2952,2952,0.029172989512422167,,,nan,,,,,,,
adam,2953,2953,0.029199231596676294,,,nan,,,,,,,
adam,2954,2954,0.029199944983714282,,,nan,,,,,,,
adam,2955,2955,0.029220807696781544,,,nan,,,,,,,
adam,2956,2956,0.02920193161344828,,,nan,,,,,,,
adam,2957,2957,0.02921431562622538,,,nan,,,,,,,
adam,2958,2958,0.029179185393966807,,,nan,,,,,,,
adam,2959,2959,0.029180195543506402,,,nan,,,,,,,
adam,2960,2960,0.029143364964055764,,,nan,,,,,,,
adam,2961,2961,0.029133326656063364,,,nan,,,,,,,
adam,2962,2962,0.029108027948027124,,,nan,,,,,,,
adam,2963,2963,0.029095861571109632,,,nan,,,,,,,
adam,2964,2964,0.029082848881163227,,,nan,,,,,,,
adam,2965,2965,0.029074687090139287,,,nan,,,,,,,
adam,2966,2966,0.029068737682157123,,,nan,,,,,,,
adam,2967,2967,0.029064845335496137,,,nan,,,,,,,
adam,2968,2968,0.029062692671415702,,,nan,,,,,,,
adam,2969,2969,0.029062105987764042,,,nan,,,,,,,
adam,2970,2970,0.0290638623780876,,,nan,,,,,,,
adam,2971,2971,0.029066480314644233,,,nan,,,,,,,
adam,2972,2972,0.02907516936221736,,,nan,,,,,,,
adam,2973,2973,0.029080934946175252,,,nan,,,,,,,
adam,2974,2974,0.029102527954493834,,,nan,,,,,,,
adam,2975,2975,0.029106604598836322,,,nan,,,,,,,
adam,2976,2976,0.029143397640373797,,,nan,,,,,,,
adam,2977,2977,0.02913056403232797,,,nan,,,,,,,
adam,2978,2978,0.02916636507784445,,,nan,,,,,,,
adam,2979,2979,0.029129123132245006,,,nan,,,,,,,
adam,2980,2980,0.029140051480632527,,,nan,,,,,,,
adam,2981,2981,0.029100794325530935,,,nan,,,,,,,
adam,2982,2982,0.029093531772828606,,,nan,,,,,,,
adam,2983,2983,0.029073583935742813,,,nan,,,,,,,
adam,2984,2984,0.029070693186557615,,,nan,,,,,,,
adam,2985,2985,0.02907059990137623,,,nan,,,,,,,
adam,2986,2986,0.02908275655817892,,,nan,,,,,,,
adam,2987,2987,0.02909858844408601,,,nan,,,,,,,
adam,2988,2988,0.02913206162408151,,,nan,,,,,,,
adam,2989,2989,0.029165242342894845,,,nan,,,,,,,
adam,2990,2990,0.02923149056983931,,,nan,,,,,,,
adam,2991,2991,0.029282349577841215,,,nan,,,,,,,
adam,2992,2992,0.029389173689094508,,,nan,,,,,,,
adam,2993,2993,0.029431944306350943,,,nan,,,,,,,
adam,2994,2994,0.029542455803723944,,,nan,,,,,,,
adam,2995,2995,0.029503970964919086,,,nan,,,,,,,
adam,2996,2996,0.029513891294377797,,,nan,,,,,,,
adam,2997,2997,0.029365233322225962,,,nan,,,,,,,
adam,2998,2998,0.029254739484283303,,,nan,,,,,,,
adam,2999,2999,0.02911420183608327,,,nan,,,,,,,
adam,3000,3000,0.02902614752358712,,,0.014850797421588936,,,,,,,
adam,3001,3001,0.0316710138374919,,,nan,,,,,,,
adam,3002,3002,0.03175789598783799,,,nan,,,,,,,
adam,3003,3003,0.03282270712714361,,,nan,,,,,,,
adam,3004,3004,0.03217654896930529,,,nan,,,,,,,
adam,3005,3005,0.03250718475483403,,,nan,,,,,,,
adam,3006,3006,0.03161427212973465,,,nan,,,,,,,
adam,3007,3007,0.0315014146642322,,,nan,,,,,,,
adam,3008,3008,0.03194214440257475,,,nan,,,,,,,
adam,3009,3009,0.031775848782840926,,,nan,,,,,,,
adam,3010,3010,0.03193331176868443,,,nan,,,,,,,
adam,3011,3011,0.03136711711140732,,,nan,,,,,,,
adam,3012,3012,0.03143515441061384,,,nan,,,,,,,
adam,3013,3013,0.03209084862761397,,,nan,,,,,,,
adam,3014,3014,0.03168024950506968,,,nan,,,,,,,
adam,3015,3015,0.031704539592320585,,,nan,,,,,,,
adam,3016,3016,0.03132239674723131,,,nan,,,,,,,
adam,3017,3017,0.031214320053687957,,,nan,,,,,,,
adam,3018,3018,0.03127938159234946,,,nan,,,,,,,
adam,3019,3019,0.03140864910643926,,,nan,,,,,,,
adam,3020,3020,0.031754394408266204,,,nan,,,,,,,
adam,3021,3021,0.03142884454315346,,,nan,,,,,,,
adam,3022,3022,0.03134887729075739,,,nan,,,,,,,
adam,3023,3023,0.031189838112060636,,,nan,,,,,,,
adam,3024,3024,0.03113141416228398,,,nan,,,,,,,
adam,3025,3025,0.031165804567093988,,,nan,,,,,,,
adam,3026,3026,0.0312542522770927,,,nan,,,,,,,
adam,3027,3027,0.03148733368027791,,,nan,,,,,,,
adam,3028,3028,0.03142890025820654,,,nan,,,,,,,
adam,3029,3029,0.03161698698743657,,,nan,,,,,,,
adam,3030,3030,0.031254480051427565,,,nan,,,,,,,
adam,3031,3031,0.031114010832850335,,,nan,,,,,,,
adam,3032,3032,0.03109879044078759,,,nan,,,,,,,
adam,3033,3033,0.031172749679549687,,,nan,,,,,,,
adam,3034,3034,0.03133914779876048,,,nan,,,,,,,
adam,3035,3035,0.03129686596927322,,,nan,,,,,,,
adam,3036,3036,0.03137542634011517,,,nan,,,,,,,
adam,3037,3037,0.031177397473007802,,,nan,,,,,,,
adam,3038,3038,0.03109363030521146,,,nan,,,,,,,
adam,3039,3039,0.031053500024699122,,,nan,,,,,,,
adam,3040,3040,0.031055380098441845,,,nan,,,,,,,
adam,3041,3041,0.031092604926996156,,,nan,,,,,,,
adam,3042,3042,0.031134776004103956,,,nan,,,,,,,
adam,3043,3043,0.031234517317923576,,,nan,,,,,,,
adam,3044,3044,0.031185799879946137,,,nan,,,,,,,
adam,3045,3045,0.031215462836779572,,,nan,,,,,,,
adam,3046,3046,0.03111965823365069,,,nan,,,,,,,
adam,3047,3047,0.031079752127711302,,,nan,,,,,,,
adam,3048,3048,0.031035975522973616,,,nan,,,,,,,
adam,3049,3049,0.03101474737144283,,,nan,,,,,,,
adam,3050,3050,0.031006723842014663,,,nan,,,,,,,
adam,3051,3051,0.031011169760930914,,,nan,,,,,,,
adam,3052,3052,0.031029600632801014,,,nan,,,,,,,
adam,3053,3053,0.03104922289972966,,,nan,,,,,,,
adam,3054,3054,0.031106486638825138,,,nan,,,,,,,
adam,3055,3055,0.031121807610906105,,,nan,,,,,,,
adam,3056,3056,0.03121639816815521,,,nan,,,,,,,
adam,3057,3057,0.031158391140508637,,,nan,,,,,,,
adam,3058,3058,0.03119781735870515,,,nan,,,,,,,
adam,3059,3059,0.031104205552428984,,,nan,,,,,,,
adam,3060,3060,0.031073175256942538,,,nan,,,,,,,
adam,3061,3061,0.03101946708835018,,,nan,,,,,,,
adam,3062,3062,0.030990231315291758,,,nan,,,,,,,
adam,3063,3063,0.03097218946126558,,,nan,,,,,,,
adam,3064,3064,0.030964280828443554,,,nan,,,,,,,
adam,3065,3065,0.030965552651407,,,nan,,,,,,,
adam,3066,3066,0.03097385921275668,,,nan,,,,,,,
adam,3067,3067,0.03099734284496277,,,nan,,,,,,,
adam,3068,3068,0.03101861227808814,,,nan,,,,,,,
adam,3069,3069,0.031084414830145582,,,nan,,,,,,,
adam,3070,3070,0.03109624218426422,,,nan,,,,,,,
adam,3071,3071,0.03120077136038207,,,nan,,,,,,,
adam,3072,3072,0.031134526339014,,,nan,,,,,,,
adam,3073,3073,0.031167688541114482,,,nan,,,,,,,
adam,3074,3074,0.031065908964786497,,,nan,,,,,,,
adam,3075,3075,0.031023699517472206,,,nan,,,,,,,
adam,3076,3076,0.03097851888842472,,,nan,,,,,,,
adam,3077,3077,0.030954644043384764,,,nan,,,,,,,
adam,3078,3078,0.03094503276066797,,,nan,,,,,,,
adam,3079,3079,0.030943574007691203,,,nan,,,,,,,
adam,3080,3080,0.030952791042992804,,,nan,,,,,,,
adam,3081,3081,0.030964199957586994,,,nan,,,,,,,
adam,3082,3082,0.031000673673480757,,,nan,,,,,,,
adam,3083,3083,0.031011031554199396,,,nan,,,,,,,
adam,3084,3084,0.031081183480809772,,,nan,,,,,,,
adam,3085,3085,0.031057000692950726,,,nan,,,,,,,
adam,3086,3086,0.031113503875399132,,,nan,,,,,,,
adam,3087,3087,0.031047835812313608,,,nan,,,,,,,
adam,3088,3088,0.031042457127824823,,,nan,,,,,,,
adam,3089,3089,0.03100289702329262,,,nan,,,,,,,
adam,3090,3090,0.03098625203616711,,,nan,,,,,,,
adam,3091,3091,0.030980421215407436,,,nan,,,,,,,
adam,3092,3092,0.030971595193193067,,,nan,,,,,,,
adam,3093,3093,0.030970478122553293,,,nan,,,,,,,
adam,3094,3094,0.03096016907508045,,,nan,,,,,,,
adam,3095,3095,0.030954416235720213,,,nan,,,,,,,
adam,3096,3096,0.030942747906850535,,,nan,,,,,,,
adam,3097,3097,0.030938240009140514,,,nan,,,,,,,
adam,3098,3098,0.030930409012145776,,,nan,,,,,,,
adam,3099,3099,0.0309367528559851,,,nan,,,,,,,
adam,3100,3100,0.030933105196343902,,,0.014636468711376093,,,,,,,
adam,3101,3101,0.030954985332106527,,,nan,,,,,,,
adam,3102,3102,0.03094830955878726,,,nan,,,,,,,
adam,3103,3103,0.03098279710675203,,,nan,,,,,,,
adam,3104,3104,0.030966940317026015,,,nan,,,,,,,
adam,3105,3105,0.03100510966393236,,,nan,,,,,,,
adam,3106,3106,0.030985019960507915,,,nan,,,,,,,
adam,3107,3107,0.031020118787597556,,,nan,,,,,,,
adam,3108,3108,0.031010290102521928,,,nan,,,,,,,
adam,3109,3109,0.031042768170213484,,,nan,,,,,,,
adam,3110,3110,0.031054387156498102,,,nan,,,,,,,
adam,3111,3111,0.031082631021366575,,,nan,,,,,,,
adam,3112,3112,0.03111002593494876,,,nan,,,,,,,
adam,3113,3113,0.031120047144996426,,,nan,,,,,,,
adam,3114,3114,0.031137412585526176,,,nan,,,,,,,
adam,3115,3115,0.031112391822949215,,,nan,,,,,,,
adam,3116,3116,0.031092622438182213,,,nan,,,,,,,
adam,3117,3117,0.0310417021328112,,,nan,,,,,,,
adam,3118,3118,0.030993211375468323,,,nan,,,,,,,
adam,3119,3119,0.030952327707520978,,,nan,,,,,,,
adam,3120,3120,0.030910913564400927,,,nan,,,,,,,
adam,3121,3121,0.030901658092509686,,,nan,,,,,,,
adam,3122,3122,0.030883439088402607,,,nan,,,,,,,
adam,3123,3123,0.030898485860496365,,,nan,,,,,,,
adam,3124,3124,0.030893926459062228,,,nan,,,,,,,
adam,3125,3125,0.030915246070382697,,,nan,,,,,,,
adam,3126,3126,0.0309111298523887,,,nan,,,,,,,
adam,3127,3127,0.030925507185667472,,,nan,,,,,,,
adam,3128,3128,0.030915577307686973,,,nan,,,,,,,
adam,3129,3129,0.030918042316019117,,,nan,,,,,,,
adam,3130,3130,0.03090142247888083,,,nan,,,,,,,
adam,3131,3131,0.03089318260405816,,,nan,,,,,,,
adam,3132,3132,0.030873389762567337,,,nan,,,,,,,
adam,3133,3133,0.03086017645627747,,,nan,,,,,,,
adam,3134,3134,0.03084263032628614,,,nan,,,,,,,
adam,3135,3135,0.030830654998099675,,,nan,,,,,,,
adam,3136,3136,0.03081850332364438,,,nan,,,,,,,
adam,3137,3137,0.030810894829190034,,,nan,,,,,,,
adam,3138,3138,0.030804288248619745,,,nan,,,,,,,
adam,3139,3139,0.030801637873315336,,,nan,,,,,,,
adam,3140,3140,0.03079978326662467,,,nan,,,,,,,
adam,3141,3141,0.030802637517576288,,,nan,,,,,,,
adam,3142,3142,0.030805652527385118,,,nan,,,,,,,
adam,3143,3143,0.030817129563595995,,,nan,,,,,,,
adam,3144,3144,0.03082657685696751,,,nan,,,,,,,
adam,3145,3145,0.030855198997681004,,,nan,,,,,,,
adam,3146,3146,0.03087100291537573,,,nan,,,,,,,
adam,3147,3147,0.03092961512598289,,,nan,,,,,,,
adam,3148,3148,0.030937804960347377,,,nan,,,,,,,
adam,3149,3149,0.03101995368979396,,,nan,,,,,,,
adam,3150,3150,0.03099430434528654,,,nan,,,,,,,
adam,3151,3151,0.03104853222659447,,,nan,,,,,,,
adam,3152,3152,0.03101950566668088,,,nan,,,,,,,
adam,3153,3153,0.031033342329268264,,,nan,,,,,,,
adam,3154,3154,0.03105135804657461,,,nan,,,,,,,
adam,3155,3155,0.03105014199165786,,,nan,,,,,,,
adam,3156,3156,0.031086954466955995,,,nan,,,,,,,
adam,3157,3157,0.031053029647143432,,,nan,,,,,,,
adam,3158,3158,0.031049757127231993,,,nan,,,,,,,
adam,3159,3159,0.03097659441031214,,,nan,,,,,,,
adam,3160,3160,0.0309266118557653,,,nan,,,,,,,
adam,3161,3161,0.03085813305283539,,,nan,,,,,,,
adam,3162,3162,0.030816597009470557,,,nan,,,,,,,
adam,3163,3163,0.030789473934328786,,,nan,,,,,,,
adam,3164,3164,0.030792820275345318,,,nan,,,,,,,
adam,3165,3165,0.030799255398820474,,,nan,,,,,,,
adam,3166,3166,0.030839342002067227,,,nan,,,,,,,
adam,3167,3167,0.03085318831589486,,,nan,,,,,,,
adam,3168,3168,0.030901467653649112,,,nan,,,,,,,
adam,3169,3169,0.03090298920704096,,,nan,,,,,,,
adam,3170,3170,0.030928091789380434,,,nan,,,,,,,
adam,3171,3171,0.03091098094600975,,,nan,,,,,,,
adam,3172,3172,0.03090014153486703,,,nan,,,,,,,
adam,3173,3173,0.030868013998585242,,,nan,,,,,,,
adam,3174,3174,0.03083547969110082,,,nan,,,,,,,
adam,3175,3175,0.030800552750402915,,,nan,,,,,,,
adam,3176,3176,0.030769768826668358,,,nan,,,,,,,
adam,3177,3177,0.030745113845571416,,,nan,,,,,,,
adam,3178,3178,0.030727751758470492,,,nan,,,,,,,
adam,3179,3179,0.030716796835846414,,,nan,,,,,,,
adam,3180,3180,0.030711414461888343,,,nan,,,,,,,
adam,3181,3181,0.030710021859491846,,,nan,,,,,,,
adam,3182,3182,0.03071151417319228,,,nan,,,,,,,
adam,3183,3183,0.030714748235806846,,,nan,,,,,,,
adam,3184,3184,0.0307194251910455,,,nan,,,,,,,
adam,3185,3185,0.030723920971769042,,,nan,,,,,,,
adam,3186,3186,0.03072961605458882,,,nan,,,,,,,
adam,3187,3187,0.030733391578050953,,,nan,,,,,,,
adam,3188,3188,0.03073901126862707,,,nan,,,,,,,
adam,3189,3189,0.03074142394713967,,,nan,,,,,,,
adam,3190,3190,0.030747055726594686,,,nan,,,,,,,
adam,3191,3191,0.030748724602095205,,,nan,,,,,,,
adam,3192,3192,0.03075543756868481,,,nan,,,,,,,
adam,3193,3193,0.030757480328010144,,,nan,,,,,,,
adam,3194,3194,0.030766634200359626,,,nan,,,,,,,
adam,3195,3195,0.030769868420557504,,,nan,,,,,,,
adam,3196,3196,0.03078255325079716,,,nan,,,,,,,
adam,3197,3197,0.03078723032294233,,,nan,,,,,,,
adam,3198,3198,0.03080428979599919,,,nan,,,,,,,
adam,3199,3199,0.03081079281228094,,,nan,,,,,,,
adam,3200,3200,0.03083461354005624,,,0.015878764586816183,,,,,,,
adam,3201,3201,0.0308454067313459,,,nan,,,,,,,
adam,3202,3202,0.030885868959119767,,,nan,,,,,,,
adam,3203,3203,0.0309032153820021,,,nan,,,,,,,
adam,3204,3204,0.030982404670917257,,,nan,,,,,,,
adam,3205,3205,0.030975179457723705,,,nan,,,,,,,
adam,3206,3206,0.031072794750586618,,,nan,,,,,,,
adam,3207,3207,0.03095745512091756,,,nan,,,,,,,
adam,3208,3208,0.030939632250179518,,,nan,,,,,,,
adam,3209,3209,0.030806253486338076,,,nan,,,,,,,
adam,3210,3210,0.030733964750777075,,,nan,,,,,,,
adam,3211,3211,0.030682209632353852,,,nan,,,,,,,
adam,3212,3212,0.030666148862761228,,,nan,,,,,,,
adam,3213,3213,0.03067848674438023,,,nan,,,,,,,
adam,3214,3214,0.030705624866634758,,,nan,,,,,,,
adam,3215,3215,0.0307726596295956,,,nan,,,,,,,
adam,3216,3216,0.030781505746197348,,,nan,,,,,,,
adam,3217,3217,0.03086583994711374,,,nan,,,,,,,
adam,3218,3218,0.030791273568950603,,,nan,,,,,,,
adam,3219,3219,0.030796433940309356,,,nan,,,,,,,
adam,3220,3220,0.030710556398282088,,,nan,,,,,,,
adam,3221,3221,0.03067149057796537,,,nan,,,,,,,
adam,3222,3222,0.03063824068583068,,,nan,,,,,,,
adam,3223,3223,0.030626807028703438,,,nan,,,,,,,
adam,3224,3224,0.030631488744677637,,,nan,,,,,,,
adam,3225,3225,0.030646604802294447,,,nan,,,,,,,
adam,3226,3226,0.030675282122127293,,,nan,,,,,,,
adam,3227,3227,0.030691896402137212,,,nan,,,,,,,
adam,3228,3228,0.030739872014522586,,,nan,,,,,,,
adam,3229,3229,0.03073021847944197,,,nan,,,,,,,
adam,3230,3230,0.030773653905264528,,,nan,,,,,,,
adam,3231,3231,0.030721429267051552,,,nan,,,,,,,
adam,3232,3232,0.03071800833800123,,,nan,,,,,,,
adam,3233,3233,0.03066306903869917,,,nan,,,,,,,
adam,3234,3234,0.030637939229966722,,,nan,,,,,,,
adam,3235,3235,0.0306178316037492,,,nan,,,,,,,
adam,3236,3236,0.030614508020073358,,,nan,,,,,,,
adam,3237,3237,0.030625548135052395,,,nan,,,,,,,
adam,3238,3238,0.030648193682490533,,,nan,,,,,,,
adam,3239,3239,0.030688271264714635,,,nan,,,,,,,
adam,3240,3240,0.030737511116375495,,,nan,,,,,,,
adam,3241,3241,0.030827045289077766,,,nan,,,,,,,
adam,3242,3242,0.030917062363697442,,,nan,,,,,,,
adam,3243,3243,0.031099777183459052,,,nan,,,,,,,
adam,3244,3244,0.031218761233376774,,,nan,,,,,,,
adam,3245,3245,0.03148592398954269,,,nan,,,,,,,
adam,3246,3246,0.03144990851975778,,,nan,,,,,,,
adam,3247,3247,0.031523658895619526,,,nan,,,,,,,
adam,3248,3248,0.031174304883721457,,,nan,,,,,,,
adam,3249,3249,0.03094366326766447,,,nan,,,,,,,
adam,3250,3250,0.030767565795737035,,,nan,,,,,,,
adam,3251,3251,0.03072399686450648,,,nan,,,,,,,
adam,3252,3252,0.030899276751282692,,,nan,,,,,,,
adam,3253,3253,0.03094066115113293,,,nan,,,,,,,
adam,3254,3254,0.031056502296653722,,,nan,,,,,,,
adam,3255,3255,0.030976726438984692,,,nan,,,,,,,
adam,3256,3256,0.030923016242859598,,,nan,,,,,,,
adam,3257,3257,0.030806322604409863,,,nan,,,,,,,
adam,3258,3258,0.03076895931407613,,,nan,,,,,,,
adam,3259,3259,0.0308434869276741,,,nan,,,,,,,
adam,3260,3260,0.030768961777159858,,,nan,,,,,,,
adam,3261,3261,0.030836689862304142,,,nan,,,,,,,
adam,3262,3262,0.030710581650546378,,,nan,,,,,,,
adam,3263,3263,0.030657919056121412,,,nan,,,,,,,
adam,3264,3264,0.030634345011582242,,,nan,,,,,,,
adam,3265,3265,0.030665932497874894,,,nan,,,,,,,
adam,3266,3266,0.03075068272761002,,,nan,,,,,,,
adam,3267,3267,0.030733003198158578,,,nan,,,,,,,
adam,3268,3268,0.03078912681082141,,,nan,,,,,,,
adam,3269,3269,0.03064467918965244,,,nan,,,,,,,
adam,3270,3270,0.030574885982071275,,,nan,,,,,,,
adam,3271,3271,0.030535952033320258,,,nan,,,,,,,
adam,3272,3272,0.03054984216351455,,,nan,,,,,,,
adam,3273,3273,0.030603169605502425,,,nan,,,,,,,
adam,3274,3274,0.03063823915237209,,,nan,,,,,,,
adam,3275,3275,0.030711404332606794,,,nan,,,,,,,
adam,3276,3276,0.0306482144488296,,,nan,,,,,,,
adam,3277,3277,0.030624297882528406,,,nan,,,,,,,
adam,3278,3278,0.030557099318624936,,,nan,,,,,,,
adam,3279,3279,0.03052594471021218,,,nan,,,,,,,
adam,3280,3280,0.03052172619465215,,,nan,,,,,,,
adam,3281,3281,0.03053485809215524,,,nan,,,,,,,
adam,3282,3282,0.030560252529251028,,,nan,,,,,,,
adam,3283,3283,0.03056751824945523,,,nan,,,,,,,
adam,3284,3284,0.030586569502850866,,,nan,,,,,,,
adam,3285,3285,0.030560174256203113,,,nan,,,,,,,
adam,3286,3286,0.03054978748350735,,,nan,,,,,,,
adam,3287,3287,0.030528922050899035,,,nan,,,,,,,
adam,3288,3288,0.03052004431086145,,,nan,,,,,,,
adam,3289,3289,0.030516689539569507,,,nan,,,,,,,
adam,3290,3290,0.030516436157288367,,,nan,,,,,,,
adam,3291,3291,0.030518675443185594,,,nan,,,,,,,
adam,3292,3292,0.030517793008980477,,,nan,,,,,,,
adam,3293,3293,0.03051570225458684,,,nan,,,,,,,
adam,3294,3294,0.030508739384313855,,,nan,,,,,,,
adam,3295,3295,0.030502092639217746,,,nan,,,,,,,
adam,3296,3296,0.030492991991864525,,,nan,,,,,,,
adam,3297,3297,0.03048598015076287,,,nan,,,,,,,
adam,3298,3298,0.03047899920341322,,,nan,,,,,,,
adam,3299,3299,0.03047446044091233,,,nan,,,,,,,
adam,3300,3300,0.030471218731057965,,,0.015029450043670903,,,,,,,
adam,3301,3301,0.03046989245864908,,,nan,,,,,,,
adam,3302,3302,0.030469856831817375,,,nan,,,,,,,
adam,3303,3303,0.030471112761433033,,,nan,,,,,,,
adam,3304,3304,0.030473868989889456,,,nan,,,,,,,
adam,3305,3305,0.030477132169129978,,,nan,,,,,,,
adam,3306,3306,0.030482527256721313,,,nan,,,,,,,
adam,3307,3307,0.030488433367156797,,,nan,,,,,,,
adam,3308,3308,0.03049914704195464,,,nan,,,,,,,
adam,3309,3309,0.030511059337161098,,,nan,,,,,,,
adam,3310,3310,0.030533130896829703,,,nan,,,,,,,
adam,3311,3311,0.030558343875545672,,,nan,,,,,,,
adam,3312,3312,0.03060226388254887,,,nan,,,,,,,
adam,3313,3313,0.03065188162825869,,,nan,,,,,,,
adam,3314,3314,0.030726470628240153,,,nan,,,,,,,
adam,3315,3315,0.03080754369895888,,,nan,,,,,,,
adam,3316,3316,0.030893757132718212,,,nan,,,,,,,
adam,3317,3317,0.030966467567532567,,,nan,,,,,,,
adam,3318,3318,0.030983272854514184,,,nan,,,,,,,
adam,3319,3319,0.030937551076169217,,,nan,,,,,,,
adam,3320,3320,0.030836993628426956,,,nan,,,,,,,
adam,3321,3321,0.03068767376123355,,,nan,,,,,,,
adam,3322,3322,0.030561445967776973,,,nan,,,,,,,
adam,3323,3323,0.030463557684374018,,,nan,,,,,,,
adam,3324,3324,0.030419572408756444,,,nan,,,,,,,
adam,3325,3325,0.030422682200527715,,,nan,,,,,,,
adam,3326,3326,0.030461234453208138,,,nan,,,,,,,
adam,3327,3327,0.030517526407388133,,,nan,,,,,,,
adam,3328,3328,0.03058141990092774,,,nan,,,,,,,
adam,3329,3329,0.030631896263552175,,,nan,,,,,,,
adam,3330,3330,0.030664628317639026,,,nan,,,,,,,
adam,3331,3331,0.030654518302422926,,,nan,,,,,,,
adam,3332,3332,0.030617491775191078,,,nan,,,,,,,
adam,3333,3333,0.030545121554724594,,,nan,,,,,,,
adam,3334,3334,0.03047700378560433,,,nan,,,,,,,
adam,3335,3335,0.03042001477510685,,,nan,,,,,,,
adam,3336,3336,0.03039287617657576,,,nan,,,,,,,
adam,3337,3337,0.030391885799056186,,,nan,,,,,,,
adam,3338,3338,0.030410353066469532,,,nan,,,,,,,
adam,3339,3339,0.030436807662924482,,,nan,,,,,,,
adam,3340,3340,0.03046692348057195,,,nan,,,,,,,
adam,3341,3341,0.030486456430673537,,,nan,,,,,,,
adam,3342,3342,0.030500251843520315,,,nan,,,,,,,
adam,3343,3343,0.03049932941083774,,,nan,,,,,,,
adam,3344,3344,0.030485553410288347,,,nan,,,,,,,
adam,3345,3345,0.03046893597274508,,,nan,,,,,,,
adam,3346,3346,0.030437624841308235,,,nan,,,,,,,
adam,3347,3347,0.030419493956691662,,,nan,,,,,,,
adam,3348,3348,0.030394879779373017,,,nan,,,,,,,
adam,3349,3349,0.030388455526552817,,,nan,,,,,,,
adam,3350,3350,0.030383401181109146,,,nan,,,,,,,
adam,3351,3351,0.030390520531435157,,,nan,,,,,,,
adam,3352,3352,0.030398171013640944,,,nan,,,,,,,
adam,3353,3353,0.030411796046316913,,,nan,,,,,,,
adam,3354,3354,0.030420813420364776,,,nan,,,,,,,
adam,3355,3355,0.030434208688090426,,,nan,,,,,,,
adam,3356,3356,0.030438004536309918,,,nan,,,,,,,
adam,3357,3357,0.030447003636144263,,,nan,,,,,,,
adam,3358,3358,0.030443289564788548,,,nan,,,,,,,
adam,3359,3359,0.030446634438518545,,,nan,,,,,,,
adam,3360,3360,0.0304368457327457,,,nan,,,,,,,
adam,3361,3361,0.030438290952468618,,,nan,,,,,,,
adam,3362,3362,0.030425600368599877,,,nan,,,,,,,
adam,3363,3363,0.03043035659202348,,,nan,,,,,,,
adam,3364,3364,0.030414702178230703,,,nan,,,,,,,
adam,3365,3365,0.030422014068544296,,,nan,,,,,,,
adam,3366,3366,0.030400895290210367,,,nan,,,,,,,
adam,3367,3367,0.030404262606808258,,,nan,,,,,,,
adam,3368,3368,0.030379137666667323,,,nan,,,,,,,
adam,3369,3369,0.03037470274996877,,,nan,,,,,,,
adam,3370,3370,0.030351833484373356,,,nan,,,,,,,
adam,3371,3371,0.030342882740478028,,,nan,,,,,,,
adam,3372,3372,0.0303266791230768,,,nan,,,,,,,
adam,3373,3373,0.030318140170330864,,,nan,,,,,,,
adam,3374,3374,0.030308252569300406,,,nan,,,,,,,
adam,3375,3375,0.03030203648724085,,,nan,,,,,,,
adam,3376,3376,0.030296157241973563,,,nan,,,,,,,
adam,3377,3377,0.030291874135313382,,,nan,,,,,,,
adam,3378,3378,0.030287982335775142,,,nan,,,,,,,
adam,3379,3379,0.030284738852971484,,,nan,,,,,,,
adam,3380,3380,0.03028171116933546,,,nan,,,,,,,
adam,3381,3381,0.0302789994700399,,,nan,,,,,,,
adam,3382,3382,0.03027643900983927,,,nan,,,,,,,
adam,3383,3383,0.030274135766328952,,,nan,,,,,,,
adam,3384,3384,0.030272025065043912,,,nan,,,,,,,
adam,3385,3385,0.030270336610353953,,,nan,,,,,,,
adam,3386,3386,0.03026909157681094,,,nan,,,,,,,
adam,3387,3387,0.030268876090832425,,,nan,,,,,,,
adam,3388,3388,0.03026980800005158,,,nan,,,,,,,
adam,3389,3389,0.03027355257408608,,,nan,,,,,,,
adam,3390,3390,0.03028028779409504,,,nan,,,,,,,
adam,3391,3391,0.030295236669352674,,,nan,,,,,,,
adam,3392,3392,0.030317716371652963,,,nan,,,,,,,
adam,3393,3393,0.0303648828091999,,,nan,,,,,,,
adam,3394,3394,0.030427784486551458,,,nan,,,,,,,
adam,3395,3395,0.030562281748655433,,,nan,,,,,,,
adam,3396,3396,0.03070720801774817,,,nan,,,,,,,
adam,3397,3397,0.031024849067403763,,,nan,,,,,,,
adam,3398,3398,0.03121062858548086,,,nan,,,,,,,
adam,3399,3399,0.03162902006646694,,,nan,,,,,,,
adam,3400,3400,0.03142757998218975,,,0.015982784015351158,,,,,,,
adam,3401,3401,0.03130095185560258,,,nan,,,,,,,
adam,3402,3402,0.0306990768168997,,,nan,,,,,,,
adam,3403,3403,0.03034110046040469,,,nan,,,,,,,
adam,3404,3404,0.03027732698913916,,,nan,,,,,,,
adam,3405,3405,0.03047333054984562,,,nan,,,,,,,
adam,3406,3406,0.03081748002952554,,,nan,,,,,,,
adam,3407,3407,0.030908043131494305,,,nan,,,,,,,
adam,3408,3408,0.030938594700515926,,,nan,,,,,,,
adam,3409,3409,0.03060482894617635,,,nan,,,,,,,
adam,3410,3410,0.03034331404178574,,,nan,,,,,,,
adam,3411,3411,0.030232609664706166,,,nan,,,,,,,
adam,3412,3412,0.030318310165588478,,,nan,,,,,,,
adam,3413,3413,0.030534979997070125,,,nan,,,,,,,
adam,3414,3414,0.03060634818061047,,,nan,,,,,,,
adam,3415,3415,0.030645188709296348,,,nan,,,,,,,
adam,3416,3416,0.03042175856911548,,,nan,,,,,,,
adam,3417,3417,0.030254935685761788,,,nan,,,,,,,
adam,3418,3418,0.03019313597957228,,,nan,,,,,,,
adam,3419,3419,0.03025295027982967,,,nan,,,,,,,
adam,3420,3420,0.030366814745912442,,,nan,,,,,,,
adam,3421,3421,0.03040680456039948,,,nan,,,,,,,
adam,3422,3422,0.03041609828953145,,,nan,,,,,,,
adam,3423,3423,0.030299136346920205,,,nan,,,,,,,
adam,3424,3424,0.030219163391155594,,,nan,,,,,,,
adam,3425,3425,0.030184053646869116,,,nan,,,,,,,
adam,3426,3426,0.030207166946899525,,,nan,,,,,,,
adam,3427,3427,0.0302500031055432,,,nan,,,,,,,
adam,3428,3428,0.03026812754440264,,,nan,,,,,,,
adam,3429,3429,0.030262429665058342,,,nan,,,,,,,
adam,3430,3430,0.030219802820066345,,,nan,,,,,,,
adam,3431,3431,0.030179960045003645,,,nan,,,,,,,
adam,3432,3432,0.03015800483237216,,,nan,,,,,,,
adam,3433,3433,0.030163060594047587,,,nan,,,,,,,
adam,3434,3434,0.03018365822748538,,,nan,,,,,,,
adam,3435,3435,0.030206088097766336,,,nan,,,,,,,
adam,3436,3436,0.030222554469496288,,,nan,,,,,,,
adam,3437,3437,0.030218765561424665,,,nan,,,,,,,
adam,3438,3438,0.030208221985532406,,,nan,,,,,,,
adam,3439,3439,0.03020000983461415,,,nan,,,,,,,
adam,3440,3440,0.030189786134977453,,,nan,,,,,,,
adam,3441,3441,0.030207995306207127,,,nan,,,,,,,
adam,3442,3442,0.030200455745940012,,,nan,,,,,,,
adam,3443,3443,0.030227095139430074,,,nan,,,,,,,
adam,3444,3444,0.030194416734973348,,,nan,,,,,,,
adam,3445,3445,0.03018907650169237,,,nan,,,,,,,
adam,3446,3446,0.03015190487914208,,,nan,,,,,,,
adam,3447,3447,0.03013415995424236,,,nan,,,,,,,
adam,3448,3448,0.030115925846804715,,,nan,,,,,,,
adam,3449,3449,0.030108362351084383,,,nan,,,,,,,
adam,3450,3450,0.030105465494167566,,,nan,,,,,,,
adam,3451,3451,0.030104557586468687,,,nan,,,,,,,
adam,3452,3452,0.030103803249694517,,,nan,,,,,,,
adam,3453,3453,0.03010061890846528,,,nan,,,,,,,
adam,3454,3454,0.03009570213556157,,,nan,,,,,,,
adam,3455,3455,0.03008918340072536,,,nan,,,,,,,
adam,3456,3456,0.030082840925534426,,,nan,,,,,,,
adam,3457,3457,0.030076936788518763,,,nan,,,,,,,
adam,3458,3458,0.030072487291952124,,,nan,,,,,,,
adam,3459,3459,0.030069559238788127,,,nan,,,,,,,
adam,3460,3460,0.030068280099561834,,,nan,,,,,,,
adam,3461,3461,0.03006835761900397,,,nan,,,,,,,
adam,3462,3462,0.030070250948039647,,,nan,,,,,,,
adam,3463,3463,0.030073963952447418,,,nan,,,,,,,
adam,3464,3464,0.030081132713412798,,,nan,,,,,,,
adam,3465,3465,0.030092194118677223,,,nan,,,,,,,
adam,3466,3466,0.030114689107308214,,,nan,,,,,,,
adam,3467,3467,0.030142266403622577,,,nan,,,,,,,
adam,3468,3468,0.030206913411924725,,,nan,,,,,,,
adam,3469,3469,0.030252797861843227,,,nan,,,,,,,
adam,3470,3470,0.030388702024505138,,,nan,,,,,,,
adam,3471,3471,0.030402585847999944,,,nan,,,,,,,
adam,3472,3472,0.03053169106953189,,,nan,,,,,,,
adam,3473,3473,0.03050629549576124,,,nan,,,,,,,
adam,3474,3474,0.030514867077327583,,,nan,,,,,,,
adam,3475,3475,0.03051218237852836,,,nan,,,,,,,
adam,3476,3476,0.03041626507517715,,,nan,,,,,,,
adam,3477,3477,0.030345928310768974,,,nan,,,,,,,
adam,3478,3478,0.030202479121666546,,,nan,,,,,,,
adam,3479,3479,0.030098083022101027,,,nan,,,,,,,
adam,3480,3480,0.030024823063241845,,,nan,,,,,,,
adam,3481,3481,0.030003764218593226,,,nan,,,,,,,
adam,3482,3482,0.030025924193429494,,,nan,,,,,,,
adam,3483,3483,0.030073179158565902,,,nan,,,,,,,
adam,3484,3484,0.03013623121865035,,,nan,,,,,,,
adam,3485,3485,0.03018062508501184,,,nan,,,,,,,
adam,3486,3486,0.03022906388889618,,,nan,,,,,,,
adam,3487,3487,0.030229855583433766,,,nan,,,,,,,
adam,3488,3488,0.030220311964779322,,,nan,,,,,,,
adam,3489,3489,0.0301938759852061,,,nan,,,,,,,
adam,3490,3490,0.030135557800814276,,,nan,,,,,,,
adam,3491,3491,0.030129553393531495,,,nan,,,,,,,
adam,3492,3492,0.03007141847488756,,,nan,,,,,,,
adam,3493,3493,0.030078763379134493,,,nan,,,,,,,
adam,3494,3494,0.03004583253712137,,,nan,,,,,,,
adam,3495,3495,0.030043353304712056,,,nan,,,,,,,
adam,3496,3496,0.030026966960847164,,,nan,,,,,,,
adam,3497,3497,0.03001780424111713,,,nan,,,,,,,
adam,3498,3498,0.03000524771533766,,,nan,,,,,,,
adam,3499,3499,0.029999344540179836,,,nan,,,,,,,
adam,3500,3500,0.029995738419805146,,,0.015470662164757207,,,,,,,
adam,3501,3501,0.029997498056966068,,,nan,,,,,,,
adam,3502,3502,0.030016113322375568,,,nan,,,,,,,
adam,3503,3503,0.030017944183257463,,,nan,,,,,,,
adam,3504,3504,0.030058274386948317,,,nan,,,,,,,
adam,3505,3505,0.030033659952829844,,,nan,,,,,,,
adam,3506,3506,0.03005577848743461,,,nan,,,,,,,
adam,3507,3507,0.03000367370362464,,,nan,,,,,,,
adam,3508,3508,0.029985990617415435,,,nan,,,,,,,
adam,3509,3509,0.02994671100258179,,,nan,,,,,,,
adam,3510,3510,0.029924943387999225,,,nan,,,,,,,
adam,3511,3511,0.029909917736326126,,,nan,,,,,,,
adam,3512,3512,0.029903866632102344,,,nan,,,,,,,
adam,3513,3513,0.029904619079322337,,,nan,,,,,,,
adam,3514,3514,0.029909833754095574,,,nan,,,,,,,
adam,3515,3515,0.029921596629912416,,,nan,,,,,,,
adam,3516,3516,0.029930048312006307,,,nan,,,,,,,
adam,3517,3517,0.029954323605107927,,,nan,,,,,,,
adam,3518,3518,0.029955484771404563,,,nan,,,,,,,
adam,3519,3519,0.029985426759454294,,,nan,,,,,,,
adam,3520,3520,0.029965181063043883,,,nan,,,,,,,
adam,3521,3521,0.02997907641435168,,,nan,,,,,,,
adam,3522,3522,0.029947650527266098,,,nan,,,,,,,
adam,3523,3523,0.02994535503316099,,,nan,,,,,,,
adam,3524,3524,0.02993168636175748,,,nan,,,,,,,
adam,3525,3525,0.02993674325752195,,,nan,,,,,,,
adam,3526,3526,0.029953310020578418,,,nan,,,,,,,
adam,3527,3527,0.029978241264681807,,,nan,,,,,,,
adam,3528,3528,0.030029077767627366,,,nan,,,,,,,
adam,3529,3529,0.03007421914905039,,,nan,,,,,,,
adam,3530,3530,0.030165680143154204,,,nan,,,,,,,
adam,3531,3531,0.030216168643891313,,,nan,,,,,,,
adam,3532,3532,0.03033419592259935,,,nan,,,,,,,
adam,3533,3533,0.030336530195340813,,,nan,,,,,,,
adam,3534,3534,0.030400493043436557,,,nan,,,,,,,
adam,3535,3535,0.030295472531801468,,,nan,,,,,,,
adam,3536,3536,0.030222166408128075,,,nan,,,,,,,
adam,3537,3537,0.03008010115350118,,,nan,,,,,,,
adam,3538,3538,0.02996370366328465,,,nan,,,,,,,
adam,3539,3539,0.029913737742364176,,,nan,,,,,,,
adam,3540,3540,0.02988305211165199,,,nan,,,,,,,
adam,3541,3541,0.029924029185353685,,,nan,,,,,,,
adam,3542,3542,0.02995561619713237,,,nan,,,,,,,
adam,3543,3543,0.030015511794139475,,,nan,,,,,,,
adam,3544,3544,0.0300314790387714,,,nan,,,,,,,
adam,3545,3545,0.030051217529340958,,,nan,,,,,,,
adam,3546,3546,0.030007633206725608,,,nan,,,,,,,
adam,3547,3547,0.029964996330664916,,,nan,,,,,,,
adam,3548,3548,0.029889688534420693,,,nan,,,,,,,
adam,3549,3549,0.0298323179095666,,,nan,,,,,,,
adam,3550,3550,0.029793091962610565,,,nan,,,,,,,
adam,3551,3551,0.02978235039238989,,,nan,,,,,,,
adam,3552,3552,0.029798783283841862,,,nan,,,,,,,
adam,3553,3553,0.029826356212531192,,,nan,,,,,,,
adam,3554,3554,0.029866656857325244,,,nan,,,,,,,
adam,3555,3555,0.02988669030392238,,,nan,,,,,,,
adam,3556,3556,0.029913904520592473,,,nan,,,,,,,
adam,3557,3557,0.029900667469044274,,,nan,,,,,,,
adam,3558,3558,0.029899917079002688,,,nan,,,,,,,
adam,3559,3559,0.029861872101686608,,,nan,,,,,,,
adam,3560,3560,0.029842585806349565,,,nan,,,,,,,
adam,3561,3561,0.029802699010570758,,,nan,,,,,,,
adam,3562,3562,0.02978280080361836,,,nan,,,,,,,
adam,3563,3563,0.02975748167466997,,,nan,,,,,,,
adam,3564,3564,0.029748513148051173,,,nan,,,,,,,
adam,3565,3565,0.02974089215505468,,,nan,,,,,,,
adam,3566,3566,0.02974277538137933,,,nan,,,,,,,
adam,3567,3567,0.02974643119928952,,,nan,,,,,,,
adam,3568,3568,0.029752618876597945,,,nan,,,,,,,
adam,3569,3569,0.02976052755642785,,,nan,,,,,,,
adam,3570,3570,0.029766372253117453,,,nan,,,,,,,
adam,3571,3571,0.029775107894122913,,,nan,,,,,,,
adam,3572,3572,0.029779253446401636,,,nan,,,,,,,
adam,3573,3573,0.029787429950933975,,,nan,,,,,,,
adam,3574,3574,0.029791119194716643,,,nan,,,,,,,
adam,3575,3575,0.029798625523766026,,,nan,,,,,,,
adam,3576,3576,0.029806359723816487,,,nan,,,,,,,
adam,3577,3577,0.029812761880062696,,,nan,,,,,,,
adam,3578,3578,0.02983075474456484,,,nan,,,,,,,
adam,3579,3579,0.029830545244022448,,,nan,,,,,,,
adam,3580,3580,0.029858229740491918,,,nan,,,,,,,
adam,3581,3581,0.02983892864635567,,,nan,,,,,,,
adam,3582,3582,0.02985815561392764,,,nan,,,,,,,
adam,3583,3583,0.029818163548139126,,,nan,,,,,,,
adam,3584,3584,0.029811756219633417,,,nan,,,,,,,
adam,3585,3585,0.029771724976760294,,,nan,,,,,,,
adam,3586,3586,0.029750237965301744,,,nan,,,,,,,
adam,3587,3587,0.02972444382724076,,,nan,,,,,,,
adam,3588,3588,0.029704892051218075,,,nan,,,,,,,
adam,3589,3589,0.029691906079355783,,,nan,,,,,,,
adam,3590,3590,0.029679725362123925,,,nan,,,,,,,
adam,3591,3591,0.02967464129972222,,,nan,,,,,,,
adam,3592,3592,0.029668798391613016,,,nan,,,,,,,
adam,3593,3593,0.02966911082881176,,,nan,,,,,,,
adam,3594,3594,0.02966849768786669,,,nan,,,,,,,
adam,3595,3595,0.02967476183373712,,,nan,,,,,,,
adam,3596,3596,0.029679975308016388,,,nan,,,,,,,
adam,3597,3597,0.029695577253678253,,,nan,,,,,,,
adam,3598,3598,0.02970831430365311,,,nan,,,,,,,
adam,3599,3599,0.02973957336170211,,,nan,,,,,,,
adam,3600,3600,0.029759961826913196,,,0.014327256036069772,,,,,,,
adam,3601,3601,0.02981321949078866,,,nan,,,,,,,
adam,3602,3602,0.029832391429759936,,,nan,,,,,,,
adam,3603,3603,0.029900307788711725,,,nan,,,,,,,
adam,3604,3604,0.029895775283624616,,,nan,,,,,,,
adam,3605,3605,0.029942893994257286,,,nan,,,,,,,
adam,3606,3606,0.02989949413654884,,,nan,,,,,,,
adam,3607,3607,0.029894550326145367,,,nan,,,,,,,
adam,3608,3608,0.029823923693119557,,,nan,,,,,,,
adam,3609,3609,0.029781518568271416,,,nan,,,,,,,
adam,3610,3610,0.029711280318595254,,,nan,,,,,,,
adam,3611,3611,0.029669918309769075,,,nan,,,,,,,
adam,3612,3612,0.02963209125838126,,,nan,,,,,,,
adam,3613,3613,0.029616038823963027,,,nan,,,,,,,
adam,3614,3614,0.029628661303427655,,,nan,,,,,,,
adam,3615,3615,0.02962364016217075,,,nan,,,,,,,
adam,3616,3616,0.029669915146004693,,,nan,,,,,,,
adam,3617,3617,0.029632801018134747,,,nan,,,,,,,
adam,3618,3618,0.029650682005074758,,,nan,,,,,,,
adam,3619,3619,0.02958955952169714,,,nan,,,,,,,
adam,3620,3620,0.029565430187115875,,,nan,,,,,,,
adam,3621,3621,0.029527915322662353,,,nan,,,,,,,
adam,3622,3622,0.029508202972275403,,,nan,,,,,,,
adam,3623,3623,0.029498385042748876,,,nan,,,,,,,
adam,3624,3624,0.02949855817487955,,,nan,,,,,,,
adam,3625,3625,0.029506904814546243,,,nan,,,,,,,
adam,3626,3626,0.02952055771300839,,,nan,,,,,,,
adam,3627,3627,0.029548569500512767,,,nan,,,,,,,
adam,3628,3628,0.0295669730511462,,,nan,,,,,,,
adam,3629,3629,0.029620836766385793,,,nan,,,,,,,
adam,3630,3630,0.029628065805464975,,,nan,,,,,,,
adam,3631,3631,0.02969029095969459,,,nan,,,,,,,
adam,3632,3632,0.02969044975411865,,,nan,,,,,,,
adam,3633,3633,0.029739562110349574,,,nan,,,,,,,
adam,3634,3634,0.029796721545856074,,,nan,,,,,,,
adam,3635,3635,0.029853762378722483,,,nan,,,,,,,
adam,3636,3636,0.02999044259850788,,,nan,,,,,,,
adam,3637,3637,0.03000803147014562,,,nan,,,,,,,
adam,3638,3638,0.030098678721664454,,,nan,,,,,,,
adam,3639,3639,0.02995741219267851,,,nan,,,,,,,
adam,3640,3640,0.029850745948478283,,,nan,,,,,,,
adam,3641,3641,0.029643902317743866,,,nan,,,,,,,
adam,3642,3642,0.029509071882922677,,,nan,,,,,,,
adam,3643,3643,0.02944228632029345,,,nan,,,,,,,
adam,3644,3644,0.029463765800345668,,,nan,,,,,,,
adam,3645,3645,0.029527894710324538,,,nan,,,,,,,
adam,3646,3646,0.02961953069037297,,,nan,,,,,,,
adam,3647,3647,0.02970836929149078,,,nan,,,,,,,
adam,3648,3648,0.029732172104072817,,,nan,,,,,,,
adam,3649,3649,0.029738265796620925,,,nan,,,,,,,
adam,3650,3650,0.02964123904478429,,,nan,,,,,,,
adam,3651,3651,0.029543242325825232,,,nan,,,,,,,
adam,3652,3652,0.029435289320795376,,,nan,,,,,,,
adam,3653,3653,0.029373499950749532,,,nan,,,,,,,
adam,3654,3654,0.029363172431179987,,,nan,,,,,,,
adam,3655,3655,0.0293924724248475,,,nan,,,,,,,
adam,3656,3656,0.029440787708134436,,,nan,,,,,,,
adam,3657,3657,0.029474155082390444,,,nan,,,,,,,
adam,3658,3658,0.029497299611048383,,,nan,,,,,,,
adam,3659,3659,0.029475938645448445,,,nan,,,,,,,
adam,3660,3660,0.02944662299467958,,,nan,,,,,,,
adam,3661,3661,0.029397494633626314,,,nan,,,,,,,
adam,3662,3662,0.029357270091060508,,,nan,,,,,,,
adam,3663,3663,0.029329665355190392,,,nan,,,,,,,
adam,3664,3664,0.02931911311070112,,,nan,,,,,,,
adam,3665,3665,0.029324775965507005,,,nan,,,,,,,
adam,3666,3666,0.02933976359665122,,,nan,,,,,,,
adam,3667,3667,0.02936162299344715,,,nan,,,,,,,
adam,3668,3668,0.02937885254348795,,,nan,,,,,,,
adam,3669,3669,0.029399790718415395,,,nan,,,,,,,
adam,3670,3670,0.02940547786938763,,,nan,,,,,,,
adam,3671,3671,0.02942418634061308,,,nan,,,,,,,
adam,3672,3672,0.02941717843935168,,,nan,,,,,,,
adam,3673,3673,0.02944490402711536,,,nan,,,,,,,
adam,3674,3674,0.02941486943887686,,,nan,,,,,,,
adam,3675,3675,0.029437698274622705,,,nan,,,,,,,
adam,3676,3676,0.029374982167753444,,,nan,,,,,,,
adam,3677,3677,0.029361689011872482,,,nan,,,,,,,
adam,3678,3678,0.029304627180772817,,,nan,,,,,,,
adam,3679,3679,0.029277545575002218,,,nan,,,,,,,
adam,3680,3680,0.029251433683330053,,,nan,,,,,,,
adam,3681,3681,0.02923857070524785,,,nan,,,,,,,
adam,3682,3682,0.029233829962762012,,,nan,,,,,,,
adam,3683,3683,0.02923534269658307,,,nan,,,,,,,
adam,3684,3684,0.029242074457887672,,,nan,,,,,,,
adam,3685,3685,0.029250871777293283,,,nan,,,,,,,
adam,3686,3686,0.029268019647947792,,,nan,,,,,,,
adam,3687,3687,0.029279093201964347,,,nan,,,,,,,
adam,3688,3688,0.029310495696797396,,,nan,,,,,,,
adam,3689,3689,0.029314052092056706,,,nan,,,,,,,
adam,3690,3690,0.029351273923918404,,,nan,,,,,,,
adam,3691,3691,0.029332694385248034,,,nan,,,,,,,
adam,3692,3692,0.029350032495652746,,,nan,,,,,,,
adam,3693,3693,0.029322338515330934,,,nan,,,,,,,
adam,3694,3694,0.02932468123392757,,,nan,,,,,,,
adam,3695,3695,0.02931772480950398,,,nan,,,,,,,
adam,3696,3696,0.029340380234902354,,,nan,,,,,,,
adam,3697,3697,0.029361246231009067,,,nan,,,,,,,
adam,3698,3698,0.029422879631689138,,,nan,,,,,,,
adam,3699,3699,0.029461021423129435,,,nan,,,,,,,
adam,3700,3700,0.029552765831786596,,,0.014376603986966358,,,,,,,
adam,3701,3701,0.029582476600682646,,,nan,,,,,,,
adam,3702,3702,0.029650523608274235,,,nan,,,,,,,
adam,3703,3703,0.029629466505457183,,,nan,,,,,,,
adam,3704,3704,0.02958556445556499,,,nan,,,,,,,
adam,3705,3705,0.029487950267263384,,,nan,,,,,,,
adam,3706,3706,0.029350408391741866,,,nan,,,,,,,
adam,3707,3707,0.029238823251347162,,,nan,,,,,,,
adam,3708,3708,0.029147767504768572,,,nan,,,,,,,
adam,3709,3709,0.029108844577929047,,,nan,,,,,,,
adam,3710,3710,0.02910820997462949,,,nan,,,,,,,
adam,3711,3711,0.02913705502458888,,,nan,,,,,,,
adam,3712,3712,0.02917854902899291,,,nan,,,,,,,
adam,3713,3713,0.029232084512654043,,,nan,,,,,,,
adam,3714,3714,0.02926722583664198,,,nan,,,,,,,
adam,3715,3715,0.029304055485661135,,,nan,,,,,,,
adam,3716,3716,0.029301265871798026,,,nan,,,,,,,
adam,3717,3717,0.02928543871684502,,,nan,,,,,,,
adam,3718,3718,0.029240868056076987,,,nan,,,,,,,
adam,3719,3719,0.02918043351460061,,,nan,,,,,,,
adam,3720,3720,0.02912991598472335,,,nan,,,,,,,
adam,3721,3721,0.02908118381949499,,,nan,,,,,,,
adam,3722,3722,0.02906160662130834,,,nan,,,,,,,
adam,3723,3723,0.029054483498957527,,,nan,,,,,,,
adam,3724,3724,0.02906747042749077,,,nan,,,,,,,
adam,3725,3725,0.02908689698188867,,,nan,,,,,,,
adam,3726,3726,0.02911714379751902,,,nan,,,,,,,
adam,3727,3727,0.029141596927127963,,,nan,,,,,,,
adam,3728,3728,0.02917689367164268,,,nan,,,,,,,
adam,3729,3729,0.029192464833863552,,,nan,,,,,,,
adam,3730,3730,0.029223129754676818,,,nan,,,,,,,
adam,3731,3731,0.029220221014512045,,,nan,,,,,,,
adam,3732,3732,0.029240717236874908,,,nan,,,,,,,
adam,3733,3733,0.029210775805332757,,,nan,,,,,,,
adam,3734,3734,0.02921780257837148,,,nan,,,,,,,
adam,3735,3735,0.029151614388292797,,,nan,,,,,,,
adam,3736,3736,0.029129091837196423,,,nan,,,,,,,
adam,3737,3737,0.029052267502157197,,,nan,,,,,,,
adam,3738,3738,0.029011781189737025,,,nan,,,,,,,
adam,3739,3739,0.028967956112632316,,,nan,,,,,,,
adam,3740,3740,0.028945780961199444,,,nan,,,,,,,
adam,3741,3741,0.028936074469660306,,,nan,,,,,,,
adam,3742,3742,0.028937178555197337,,,nan,,,,,,,
adam,3743,3743,0.028946366040487198,,,nan,,,,,,,
adam,3744,3744,0.028960120596740236,,,nan,,,,,,,
adam,3745,3745,0.0289821197614851,,,nan,,,,,,,
adam,3746,3746,0.029000714353191143,,,nan,,,,,,,
adam,3747,3747,0.029036469505870806,,,nan,,,,,,,
adam,3748,3748,0.02905149448873444,,,nan,,,,,,,
adam,3749,3749,0.029095568809982993,,,nan,,,,,,,
adam,3750,3750,0.02909504902766607,,,nan,,,,,,,
adam,3751,3751,0.02912814853152538,,,nan,,,,,,,
adam,3752,3752,0.029111978428413586,,,nan,,,,,,,
adam,3753,3753,0.02912609539772289,,,nan,,,,,,,
adam,3754,3754,0.02910641357864563,,,nan,,,,,,,
adam,3755,3755,0.029115666860432418,,,nan,,,,,,,
adam,3756,3756,0.029095285026637684,,,nan,,,,,,,
adam,3757,3757,0.029106524936963238,,,nan,,,,,,,
adam,3758,3758,0.029083482458522103,,,nan,,,,,,,
adam,3759,3759,0.029090066213202193,,,nan,,,,,,,
adam,3760,3760,0.02907091415848945,,,nan,,,,,,,
adam,3761,3761,0.029061061909764138,,,nan,,,,,,,
adam,3762,3762,0.02905350480744251,,,nan,,,,,,,
adam,3763,3763,0.029011585826232533,,,nan,,,,,,,
adam,3764,3764,0.028998944381344635,,,nan,,,,,,,
adam,3765,3765,0.028931639087784518,,,nan,,,,,,,
adam,3766,3766,0.028898496519865195,,,nan,,,,,,,
adam,3767,3767,0.028844453811980246,,,nan,,,,,,,
adam,3768,3768,0.028812867271563673,,,nan,,,,,,,
adam,3769,3769,0.028786730422540256,,,nan,,,,,,,
adam,3770,3770,0.02877164988983087,,,nan,,,,,,,
adam,3771,3771,0.02876374681674557,,,nan,,,,,,,
adam,3772,3772,0.028761216491162346,,,nan,,,,,,,
adam,3773,3773,0.028762938723841988,,,nan,,,,,,,
adam,3774,3774,0.02876730706175199,,,nan,,,,,,,
adam,3775,3775,0.028777617583699316,,,nan,,,,,,,
adam,3776,3776,0.028786312481430626,,,nan,,,,,,,
adam,3777,3777,0.028807860172547647,,,nan,,,,,,,
adam,3778,3778,0.02881771818515399,,,nan,,,,,,,
adam,3779,3779,0.028850338662762303,,,nan,,,,,,,
adam,3780,3780,0.02885984539456217,,,nan,,,,,,,
adam,3781,3781,0.028898839490571968,,,nan,,,,,,,
adam,3782,3782,0.028921193612114735,,,nan,,,,,,,
adam,3783,3783,0.028966718820021248,,,nan,,,,,,,
adam,3784,3784,0.029031039116693774,,,nan,,,,,,,
adam,3785,3785,0.029084081330784807,,,nan,,,,,,,
adam,3786,3786,0.02919878997994914,,,nan,,,,,,,
adam,3787,3787,0.02921723120369508,,,nan,,,,,,,
adam,3788,3788,0.02930483764914261,,,nan,,,,,,,
adam,3789,3789,0.029202524396444662,,,nan,,,,,,,
adam,3790,3790,0.029141164523706135,,,nan,,,,,,,
adam,3791,3791,0.028959690852775943,,,nan,,,,,,,
adam,3792,3792,0.028834914365865178,,,nan,,,,,,,
adam,3793,3793,0.028738962223592828,,,nan,,,,,,,
adam,3794,3794,0.0287325461820468,,,nan,,,,,,,
adam,3795,3795,0.028731749424589573,,,nan,,,,,,,
adam,3796,3796,0.02880450461900499,,,nan,,,,,,,
adam,3797,3797,0.02881829127021527,,,nan,,,,,,,
adam,3798,3798,0.028849887509173347,,,nan,,,,,,,
adam,3799,3799,0.028857633065932968,,,nan,,,,,,,
adam,3800,3800,0.028826206881256047,,,0.014663807823715163,,,,,,,
adam,3801,3801,0.02880145576207801,,,nan,,,,,,,
adam,3802,3802,0.02874062782306088,,,nan,,,,,,,
adam,3803,3803,0.0286996842972517,,,nan,,,,,,,
adam,3804,3804,0.028665591743082426,,,nan,,,,,,,
adam,3805,3805,0.028677263405053034,,,nan,,,,,,,
adam,3806,3806,0.02866318178016348,,,nan,,,,,,,
adam,3807,3807,0.02871110628738205,,,nan,,,,,,,
adam,3808,3808,0.028659266769080892,,,nan,,,,,,,
adam,3809,3809,0.028654745992887497,,,nan,,,,,,,
adam,3810,3810,0.028609547521860356,,,nan,,,,,,,
adam,3811,3811,0.028586355061700954,,,nan,,,,,,,
adam,3812,3812,0.028577715200738863,,,nan,,,,,,,
adam,3813,3813,0.02857937238445303,,,nan,,,,,,,
adam,3814,3814,0.028597713751374255,,,nan,,,,,,,
adam,3815,3815,0.028615570271816833,,,nan,,,,,,,
adam,3816,3816,0.028660733123690687,,,nan,,,,,,,
adam,3817,3817,0.028656082619427842,,,nan,,,,,,,
adam,3818,3818,0.02869801859757443,,,nan,,,,,,,
adam,3819,3819,0.02863719428682272,,,nan,,,,,,,
adam,3820,3820,0.02861900826076243,,,nan,,,,,,,
adam,3821,3821,0.028557128094702754,,,nan,,,,,,,
adam,3822,3822,0.028523176554868968,,,nan,,,,,,,
adam,3823,3823,0.028500527021444764,,,nan,,,,,,,
adam,3824,3824,0.028497733385367284,,,nan,,,,,,,
adam,3825,3825,0.02850354505544456,,,nan,,,,,,,
adam,3826,3826,0.028514236647226975,,,nan,,,,,,,
adam,3827,3827,0.028531936238898027,,,nan,,,,,,,
adam,3828,3828,0.028529448230448676,,,nan,,,,,,,
adam,3829,3829,0.02854257916015579,,,nan,,,,,,,
adam,3830,3830,0.02852402543750021,,,nan,,,,,,,
adam,3831,3831,0.028522517379011503,,,nan,,,,,,,
adam,3832,3832,0.028507888799951628,,,nan,,,,,,,
adam,3833,3833,0.028502937881602408,,,nan,,,,,,,
adam,3834,3834,0.028513485430114546,,,nan,,,,,,,
adam,3835,3835,0.028526245523523477,,,nan,,,,,,,
adam,3836,3836,0.0285717737445856,,,nan,,,,,,,
adam,3837,3837,0.02860952387393221,,,nan,,,,,,,
adam,3838,3838,0.028692059385552547,,,nan,,,,,,,
adam,3839,3839,0.0287396179859444,,,nan,,,,,,,
adam,3840,3840,0.028844226486755935,,,nan,,,,,,,
adam,3841,3841,0.028853427635453545,,,nan,,,,,,,
adam,3842,3842,0.028917377079417668,,,nan,,,,,,,
adam,3843,3843,0.02881923377829241,,,nan,,,,,,,
adam,3844,3844,0.02875522044182751,,,nan,,,,,,,
adam,3845,3845,0.028582076245028537,,,nan,,,,,,,
adam,3846,3846,0.028450440608696094,,,nan,,,,,,,
adam,3847,3847,0.028338121991842748,,,nan,,,,,,,
adam,3848,3848,0.028282141731014412,,,nan,,,,,,,
adam,3849,3849,0.028274855753716268,,,nan,,,,,,,
adam,3850,3850,0.028300516481143737,,,nan,,,,,,,
adam,3851,3851,0.028353142947278705,,,nan,,,,,,,
adam,3852,3852,0.028391523430961543,,,nan,,,,,,,
adam,3853,3853,0.028443820504578166,,,nan,,,,,,,
adam,3854,3854,0.02844534870506745,,,nan,,,,,,,
adam,3855,3855,0.028456049943470903,,,nan,,,,,,,
adam,3856,3856,0.02842099499076181,,,nan,,,,,,,
adam,3857,3857,0.028395525793580963,,,nan,,,,,,,
adam,3858,3858,0.028345844682776854,,,nan,,,,,,,
adam,3859,3859,0.028309356764206952,,,nan,,,,,,,
adam,3860,3860,0.028267843400128525,,,nan,,,,,,,
adam,3861,3861,0.028240815141228552,,,nan,,,,,,,
adam,3862,3862,0.02822443417565105,,,nan,,,,,,,
adam,3863,3863,0.02820975110080863,,,nan,,,,,,,
adam,3864,3864,0.028214982926820502,,,nan,,,,,,,
adam,3865,3865,0.02819934873199389,,,nan,,,,,,,
adam,3866,3866,0.028205696823877573,,,nan,,,,,,,
adam,3867,3867,0.02818133338767006,,,nan,,,,,,,
adam,3868,3868,0.028173856025588334,,,nan,,,,,,,
adam,3869,3869,0.028149473681732713,,,nan,,,,,,,
adam,3870,3870,0.028135349143942376,,,nan,,,,,,,
adam,3871,3871,0.02812149180035855,,,nan,,,,,,,
adam,3872,3872,0.028115206629160946,,,nan,,,,,,,
adam,3873,3873,0.028114480962194602,,,nan,,,,,,,
adam,3874,3874,0.02812291260086597,,,nan,,,,,,,
adam,3875,3875,0.028137921731145786,,,nan,,,,,,,
adam,3876,3876,0.028168958217672346,,,nan,,,,,,,
adam,3877,3877,0.028212903723667568,,,nan,,,,,,,
adam,3878,3878,0.02828734555991216,,,nan,,,,,,,
adam,3879,3879,0.028385812573431486,,,nan,,,,,,,
adam,3880,3880,0.028538619246604433,,,nan,,,,,,,
adam,3881,3881,0.028689725862796892,,,nan,,,,,,,
adam,3882,3882,0.028917157301254114,,,nan,,,,,,,
adam,3883,3883,0.028953208518950863,,,nan,,,,,,,
adam,3884,3884,0.02903002353927228,,,nan,,,,,,,
adam,3885,3885,0.028714569259774385,,,nan,,,,,,,
adam,3886,3886,0.028439577718280974,,,nan,,,,,,,
adam,3887,3887,0.028121568622301925,,,nan,,,,,,,
adam,3888,3888,0.027980373640807042,,,nan,,,,,,,
adam,3889,3889,0.028014164868114692,,,nan,,,,,,,
adam,3890,3890,0.028164940301771534,,,nan,,,,,,,
adam,3891,3891,0.028348029765018903,,,nan,,,,,,,
adam,3892,3892,0.028438356947884803,,,nan,,,,,,,
adam,3893,3893,0.028461572809457783,,,nan,,,,,,,
adam,3894,3894,0.02830851653860166,,,nan,,,,,,,
adam,3895,3895,0.02813454339644247,,,nan,,,,,,,
adam,3896,3896,0.027966819587568442,,,nan,,,,,,,
adam,3897,3897,0.0278924363529265,,,nan,,,,,,,
adam,3898,3898,0.02791367246625202,,,nan,,,,,,,
adam,3899,3899,0.027987705093278904,,,nan,,,,,,,
adam,3900,3900,0.02806594936885756,,,0.013758796586314265,,,,,,,
adam,3901,3901,0.028080474001901074,,,nan,,,,,,,
adam,3902,3902,0.02805057468607121,,,nan,,,,,,,
adam,3903,3903,0.02796852743912549,,,nan,,,,,,,
adam,3904,3904,0.027888257140479083,,,nan,,,,,,,
adam,3905,3905,0.027837309498384057,,,nan,,,,,,,
adam,3906,3906,0.027823477015344183,,,nan,,,,,,,
adam,3907,3907,0.02784104375145101,,,nan,,,,,,,
adam,3908,3908,0.027870166994887497,,,nan,,,,,,,
adam,3909,3909,0.02789925757036387,,,nan,,,,,,,
adam,3910,3910,0.02790359553774324,,,nan,,,,,,,
adam,3911,3911,0.027895814154429904,,,nan,,,,,,,
adam,3912,3912,0.027862819041704245,,,nan,,,,,,,
adam,3913,3913,0.027830905503597687,,,nan,,,,,,,
adam,3914,3914,0.027798426419442166,,,nan,,,,,,,
adam,3915,3915,0.02778292655826872,,,nan,,,,,,,
adam,3916,3916,0.027770701440445297,,,nan,,,,,,,
adam,3917,3917,0.027783793161002098,,,nan,,,,,,,
adam,3918,3918,0.027773657976448055,,,nan,,,,,,,
adam,3919,3919,0.027788036193640335,,,nan,,,,,,,
adam,3920,3920,0.027759852003979544,,,nan,,,,,,,
adam,3921,3921,0.027750872259001705,,,nan,,,,,,,
adam,3922,3922,0.027717811752128563,,,nan,,,,,,,
adam,3923,3923,0.027696259894520354,,,nan,,,,,,,
adam,3924,3924,0.027672112168628686,,,nan,,,,,,,
adam,3925,3925,0.027653730002344553,,,nan,,,,,,,
adam,3926,3926,0.027638989890684803,,,nan,,,,,,,
adam,3927,3927,0.02762762490663504,,,nan,,,,,,,
adam,3928,3928,0.027619449042647532,,,nan,,,,,,,
adam,3929,3929,0.02761376440877921,,,nan,,,,,,,
adam,3930,3930,0.027611765223896433,,,nan,,,,,,,
adam,3931,3931,0.027609638987815776,,,nan,,,,,,,
adam,3932,3932,0.027615472646290353,,,nan,,,,,,,
adam,3933,3933,0.027613877620998137,,,nan,,,,,,,
adam,3934,3934,0.02762854055799533,,,nan,,,,,,,
adam,3935,3935,0.02762341265624128,,,nan,,,,,,,
adam,3936,3936,0.027645061702748486,,,nan,,,,,,,
adam,3937,3937,0.02764165572551934,,,nan,,,,,,,
adam,3938,3938,0.027677543252699346,,,nan,,,,,,,
adam,3939,3939,0.027704985289566247,,,nan,,,,,,,
adam,3940,3940,0.027797806923047612,,,nan,,,,,,,
adam,3941,3941,0.027912634756805388,,,nan,,,,,,,
adam,3942,3942,0.02816084918804062,,,nan,,,,,,,
adam,3943,3943,0.028380558502049718,,,nan,,,,,,,
adam,3944,3944,0.02879512301317179,,,nan,,,,,,,
adam,3945,3945,0.028768689810600635,,,nan,,,,,,,
adam,3946,3946,0.028777409536165217,,,nan,,,,,,,
adam,3947,3947,0.02817423588300484,,,nan,,,,,,,
adam,3948,3948,0.02770551828155906,,,nan,,,,,,,
adam,3949,3949,0.02743959154810368,,,nan,,,,,,,
adam,3950,3950,0.027500558474683353,,,nan,,,,,,,
adam,3951,3951,0.0277759217969944,,,nan,,,,,,,
adam,3952,3952,0.02800708659798742,,,nan,,,,,,,
adam,3953,3953,0.02817029719891398,,,nan,,,,,,,
adam,3954,3954,0.027963010096666192,,,nan,,,,,,,
adam,3955,3955,0.027702481625088884,,,nan,,,,,,,
adam,3956,3956,0.02743255701185058,,,nan,,,,,,,
adam,3957,3957,0.027344754360314652,,,nan,,,,,,,
adam,3958,3958,0.027431101072200564,,,nan,,,,,,,
adam,3959,3959,0.027570415794848036,,,nan,,,,,,,
adam,3960,3960,0.027672048705678753,,,nan,,,,,,,
adam,3961,3961,0.027601989343774322,,,nan,,,,,,,
adam,3962,3962,0.027474680227767678,,,nan,,,,,,,
adam,3963,3963,0.027331945014262976,,,nan,,,,,,,
adam,3964,3964,0.02727530539009531,,,nan,,,,,,,
adam,3965,3965,0.02731048574268076,,,nan,,,,,,,
adam,3966,3966,0.027385645388743017,,,nan,,,,,,,
adam,3967,3967,0.02744725980919018,,,nan,,,,,,,
adam,3968,3968,0.027434109988667084,,,nan,,,,,,,
adam,3969,3969,0.02738220282020124,,,nan,,,,,,,
adam,3970,3970,0.027296447014252934,,,nan,,,,,,,
adam,3971,3971,0.02722766575588198,,,nan,,,,,,,
adam,3972,3972,0.027201762756260125,,,nan,,,,,,,
adam,3973,3973,0.02721078293936714,,,nan,,,,,,,
adam,3974,3974,0.02724521531981195,,,nan,,,,,,,
adam,3975,3975,0.02726983906586281,,,nan,,,,,,,
adam,3976,3976,0.027287434342713107,,,nan,,,,,,,
adam,3977,3977,0.027264552625662117,,,nan,,,,,,,
adam,3978,3978,0.027239053868400108,,,nan,,,,,,,
adam,3979,3979,0.0271873685963731,,,nan,,,,,,,
adam,3980,3980,0.027162745976125464,,,nan,,,,,,,
adam,3981,3981,0.027129783566106264,,,nan,,,,,,,
adam,3982,3982,0.027128432342782623,,,nan,,,,,,,
adam,3983,3983,0.02711894266804979,,,nan,,,,,,,
adam,3984,3984,0.02712514487051251,,,nan,,,,,,,
adam,3985,3985,0.027119783635518875,,,nan,,,,,,,
adam,3986,3986,0.02711443829769972,,,nan,,,,,,,
adam,3987,3987,0.0271013786742922,,,nan,,,,,,,
adam,3988,3988,0.027083214940024095,,,nan,,,,,,,
adam,3989,3989,0.027061575497572418,,,nan,,,,,,,
adam,3990,3990,0.02703763290351306,,,nan,,,,,,,
adam,3991,3991,0.0270145743766178,,,nan,,,,,,,
adam,3992,3992,0.02699242529003113,,,nan,,,,,,,
adam,3993,3993,0.026971892770240924,,,nan,,,,,,,
adam,3994,3994,0.026954434559899404,,,nan,,,,,,,
adam,3995,3995,0.026938422366527097,,,nan,,,,,,,
adam,3996,3996,0.026925482272884445,,,nan,,,,,,,
adam,3997,3997,0.02691258799155376,,,nan,,,,,,,
adam,3998,3998,0.02690347019768541,,,nan,,,,,,,
adam,3999,3999,0.02689286224060515,,,nan,,,,,,,
adam,4000,4000,0.026887878275107475,,,0.013978764898310994,,,,,,,
adam,4001,4001,0.027825834207909267,,,nan,,,,,,,
adam,4002,4002,0.027933965306244084,,,nan,,,,,,,
adam,4003,4003,0.027782613511928764,,,nan,,,,,,,
adam,4004,4004,0.027915562849810758,,,nan,,,,,,,
adam,4005,4005,0.02777058134628885,,,nan,,,,,,,
adam,4006,4006,0.027646460904913975,,,nan,,,,,,,
adam,4007,4007,0.027651128740155802,,,nan,,,,,,,
adam,4008,4008,0.027480629101828278,,,nan,,,,,,,
adam,4009,4009,0.027512150697955762,,,nan,,,,,,,
adam,4010,4010,0.027459855883618527,,,nan,,,,,,,
adam,4011,4011,0.02747940288705154,,,nan,,,,,,,
adam,4012,4012,0.027478158335933308,,,nan,,,,,,,
adam,4013,4013,0.02742895859402155,,,nan,,,,,,,
adam,4014,4014,0.027443299722396456,,,nan,,,,,,,
adam,4015,4015,0.02737338933392305,,,nan,,,,,,,
adam,4016,4016,0.02737643518530688,,,nan,,,,,,,
adam,4017,4017,0.027331641769443263,,,nan,,,,,,,
adam,4018,4018,0.027331348876859837,,,nan,,,,,,,
adam,4019,4019,0.027318718235954824,,,nan,,,,,,,
adam,4020,4020,0.02728771440784128,,,nan,,,,,,,
adam,4021,4021,0.02729115282793621,,,nan,,,,,,,
adam,4022,4022,0.02725451069715587,,,nan,,,,,,,
adam,4023,4023,0.027254357564381625,,,nan,,,,,,,
adam,4024,4024,0.027231916893530266,,,nan,,,,,,,
adam,4025,4025,0.027222501681649754,,,nan,,,,,,,
adam,4026,4026,0.027218457502975607,,,nan,,,,,,,
adam,4027,4027,0.027193800600765365,,,nan,,,,,,,
adam,4028,4028,0.027193666647705256,,,nan,,,,,,,
adam,4029,4029,0.027172980621193926,,,nan,,,,,,,
adam,4030,4030,0.027162592352561,,,nan,,,,,,,
adam,4031,4031,0.027151472362382426,,,nan,,,,,,,
adam,4032,4032,0.02713547444181219,,,nan,,,,,,,
adam,4033,4033,0.027130112576370213,,,nan,,,,,,,
adam,4034,4034,0.027116689609969595,,,nan,,,,,,,
adam,4035,4035,0.02710714799258378,,,nan,,,,,,,
adam,4036,4036,0.027103835674692458,,,nan,,,,,,,
adam,4037,4037,0.027089266055368762,,,nan,,,,,,,
adam,4038,4038,0.027091054612925748,,,nan,,,,,,,
adam,4039,4039,0.0270801145375687,,,nan,,,,,,,
adam,4040,4040,0.027085038471774268,,,nan,,,,,,,
adam,4041,4041,0.027078032085200945,,,nan,,,,,,,
adam,4042,4042,0.027093652785895917,,,nan,,,,,,,
adam,4043,4043,0.02708432346578257,,,nan,,,,,,,
adam,4044,4044,0.02711952610952695,,,nan,,,,,,,
adam,4045,4045,0.027093162014472948,,,nan,,,,,,,
adam,4046,4046,0.027131353543371886,,,nan,,,,,,,
adam,4047,4047,0.027089942136109723,,,nan,,,,,,,
adam,4048,4048,0.027104338452121582,,,nan,,,,,,,
adam,4049,4049,0.027092453018899492,,,nan,,,,,,,
adam,4050,4050,0.02710968276007731,,,nan,,,,,,,
adam,4051,4051,0.02715143021192465,,,nan,,,,,,,
adam,4052,4052,0.027197486030087915,,,nan,,,,,,,
adam,4053,4053,0.027294216291017317,,,nan,,,,,,,
adam,4054,4054,0.02734372517209075,,,nan,,,,,,,
adam,4055,4055,0.02746053079840069,,,nan,,,,,,,
adam,4056,4056,0.027441091183895396,,,nan,,,,,,,
adam,4057,4057,0.0274723852818896,,,nan,,,,,,,
adam,4058,4058,0.027332850786987686,,,nan,,,,,,,
adam,4059,4059,0.02722154897848026,,,nan,,,,,,,
adam,4060,4060,0.02704659426758384,,,nan,,,,,,,
adam,4061,4061,0.026915086350931434,,,nan,,,,,,,
adam,4062,4062,0.02684096513450445,,,nan,,,,,,,
adam,4063,4063,0.026801652413304136,,,nan,,,,,,,
adam,4064,4064,0.026824055818957093,,,nan,,,,,,,
adam,4065,4065,0.026849224645324903,,,nan,,,,,,,
adam,4066,4066,0.02690382585278677,,,nan,,,,,,,
adam,4067,4067,0.02693447510988138,,,nan,,,,,,,
adam,4068,4068,0.02697667131772121,,,nan,,,,,,,
adam,4069,4069,0.026974589633765297,,,nan,,,,,,,
adam,4070,4070,0.026981566043482737,,,nan,,,,,,,
adam,4071,4071,0.026932372148146044,,,nan,,,,,,,
adam,4072,4072,0.026892672769185832,,,nan,,,,,,,
adam,4073,4073,0.02681662230749279,,,nan,,,,,,,
adam,4074,4074,0.0267563790570216,,,nan,,,,,,,
adam,4075,4075,0.026705007671429477,,,nan,,,,,,,
adam,4076,4076,0.026664456078750447,,,nan,,,,,,,
adam,4077,4077,0.02666453169100326,,,nan,,,,,,,
adam,4078,4078,0.02664286501968033,,,nan,,,,,,,
adam,4079,4079,0.026670493620477655,,,nan,,,,,,,
adam,4080,4080,0.026644796801581834,,,nan,,,,,,,
adam,4081,4081,0.026661610290261484,,,nan,,,,,,,
adam,4082,4082,0.02663722196138253,,,nan,,,,,,,
adam,4083,4083,0.026642177555898643,,,nan,,,,,,,
adam,4084,4084,0.02663650259454941,,,nan,,,,,,,
adam,4085,4085,0.026654047155082083,,,nan,,,,,,,
adam,4086,4086,0.026670600701614224,,,nan,,,,,,,
adam,4087,4087,0.026715884164928937,,,nan,,,,,,,
adam,4088,4088,0.026747607065901673,,,nan,,,,,,,
adam,4089,4089,0.026819152627986686,,,nan,,,,,,,
adam,4090,4090,0.02684970278098041,,,nan,,,,,,,
adam,4091,4091,0.02692142138047955,,,nan,,,,,,,
adam,4092,4092,0.026929267643191444,,,nan,,,,,,,
adam,4093,4093,0.026934173020428522,,,nan,,,,,,,
adam,4094,4094,0.026888278324526393,,,nan,,,,,,,
adam,4095,4095,0.02677481798680291,,,nan,,,,,,,
adam,4096,4096,0.026657308179682974,,,nan,,,,,,,
adam,4097,4097,0.026514599209174507,,,nan,,,,,,,
adam,4098,4098,0.026405191176807178,,,nan,,,,,,,
adam,4099,4099,0.026325276586050963,,,nan,,,,,,,
adam,4100,4100,0.026280045978197074,,,0.01279820856973028,,,,,,,
adam,4101,4101,0.026262711432634492,,,nan,,,,,,,
adam,4102,4102,0.02626605413682362,,,nan,,,,,,,
adam,4103,4103,0.026285377400873534,,,nan,,,,,,,
adam,4104,4104,0.02631372640334436,,,nan,,,,,,,
adam,4105,4105,0.026358143921120278,,,nan,,,,,,,
adam,4106,4106,0.026399565056831758,,,nan,,,,,,,
adam,4107,4107,0.026461437341650445,,,nan,,,,,,,
adam,4108,4108,0.026509342620406398,,,nan,,,,,,,
adam,4109,4109,0.026563693218174325,,,nan,,,,,,,
adam,4110,4110,0.02661888425647593,,,nan,,,,,,,
adam,4111,4111,0.02663759031536836,,,nan,,,,,,,
adam,4112,4112,0.026685839717064258,,,nan,,,,,,,
adam,4113,4113,0.026653682023828295,,,nan,,,,,,,
adam,4114,4114,0.026645563566393835,,,nan,,,,,,,
adam,4115,4115,0.02656836904062332,,,nan,,,,,,,
adam,4116,4116,0.026529536985872737,,,nan,,,,,,,
adam,4117,4117,0.026446676005347773,,,nan,,,,,,,
adam,4118,4118,0.02647612430873952,,,nan,,,,,,,
adam,4119,4119,0.026276364499654946,,,nan,,,,,,,
adam,4120,4120,0.026193146968204795,,,nan,,,,,,,
adam,4121,4121,0.026042367963278645,,,nan,,,,,,,
adam,4122,4122,0.02597559932953955,,,nan,,,,,,,
adam,4123,4123,0.02597060597668033,,,nan,,,,,,,
adam,4124,4124,0.026010673382281718,,,nan,,,,,,,
adam,4125,4125,0.026090409180736934,,,nan,,,,,,,
adam,4126,4126,0.02612589252860886,,,nan,,,,,,,
adam,4127,4127,0.026206457292678044,,,nan,,,,,,,
adam,4128,4128,0.026172682015070448,,,nan,,,,,,,
adam,4129,4129,0.026181911321411303,,,nan,,,,,,,
adam,4130,4130,0.02617335450226694,,,nan,,,,,,,
adam,4131,4131,0.026208660051532825,,,nan,,,,,,,
adam,4132,4132,0.02624742413550124,,,nan,,,,,,,
adam,4133,4133,0.026337693516913275,,,nan,,,,,,,
adam,4134,4134,0.0263814229092397,,,nan,,,,,,,
adam,4135,4135,0.026424694820420234,,,nan,,,,,,,
adam,4136,4136,0.026364944024841793,,,nan,,,,,,,
adam,4137,4137,0.02626363930764649,,,nan,,,,,,,
adam,4138,4138,0.026091645904939866,,,nan,,,,,,,
adam,4139,4139,0.025938538915464552,,,nan,,,,,,,
adam,4140,4140,0.025809007889561572,,,nan,,,,,,,
adam,4141,4141,0.02573288186903875,,,nan,,,,,,,
adam,4142,4142,0.025702811072016964,,,nan,,,,,,,
adam,4143,4143,0.025715539132805956,,,nan,,,,,,,
adam,4144,4144,0.025724273357738622,,,nan,,,,,,,
adam,4145,4145,0.025767239910216636,,,nan,,,,,,,
adam,4146,4146,0.02576339502370354,,,nan,,,,,,,
adam,4147,4147,0.025780946217778194,,,nan,,,,,,,
adam,4148,4148,0.02579027781132783,,,nan,,,,,,,
adam,4149,4149,0.025811973453067183,,,nan,,,,,,,
adam,4150,4150,0.02587466607766465,,,nan,,,,,,,
adam,4151,4151,0.025963168387147267,,,nan,,,,,,,
adam,4152,4152,0.026090454220304267,,,nan,,,,,,,
adam,4153,4153,0.026235509199377345,,,nan,,,,,,,
adam,4154,4154,0.026369410566944335,,,nan,,,,,,,
adam,4155,4155,0.02634353524359627,,,nan,,,,,,,
adam,4156,4156,0.02628921484908505,,,nan,,,,,,,
adam,4157,4157,0.02599745898803645,,,nan,,,,,,,
adam,4158,4158,0.025744751756820103,,,nan,,,,,,,
adam,4159,4159,0.02554047160709131,,,nan,,,,,,,
adam,4160,4160,0.025443323605803814,,,nan,,,,,,,
adam,4161,4161,0.025443897146265125,,,nan,,,,,,,
adam,4162,4162,0.025469025840037417,,,nan,,,,,,,
adam,4163,4163,0.025551919261726994,,,nan,,,,,,,
adam,4164,4164,0.02557219863487347,,,nan,,,,,,,
adam,4165,4165,0.025599441960786132,,,nan,,,,,,,
adam,4166,4166,0.025606353946006247,,,nan,,,,,,,
adam,4167,4167,0.02562488974070017,,,nan,,,,,,,
adam,4168,4168,0.02562778911030652,,,nan,,,,,,,
adam,4169,4169,0.025654269054677596,,,nan,,,,,,,
adam,4170,4170,0.025652710580226026,,,nan,,,,,,,
adam,4171,4171,0.025596004269616723,,,nan,,,,,,,
adam,4172,4172,0.025526443885051674,,,nan,,,,,,,
adam,4173,4173,0.025404044530768617,,,nan,,,,,,,
adam,4174,4174,0.02529892872267523,,,nan,,,,,,,
adam,4175,4175,0.025222331499966645,,,nan,,,,,,,
adam,4176,4176,0.02517558980204002,,,nan,,,,,,,
adam,4177,4177,0.025156307460695238,,,nan,,,,,,,
adam,4178,4178,0.025145038774821767,,,nan,,,,,,,
adam,4179,4179,0.02514935297749258,,,nan,,,,,,,
adam,4180,4180,0.025122820298473025,,,nan,,,,,,,
adam,4181,4181,0.02511182673300503,,,nan,,,,,,,
adam,4182,4182,0.025068631824016835,,,nan,,,,,,,
adam,4183,4183,0.02503817654362756,,,nan,,,,,,,
adam,4184,4184,0.025001916773965422,,,nan,,,,,,,
adam,4185,4185,0.024975389443734154,,,nan,,,,,,,
adam,4186,4186,0.024956322471673564,,,nan,,,,,,,
adam,4187,4187,0.024945680183033975,,,nan,,,,,,,
adam,4188,4188,0.02494491808249258,,,nan,,,,,,,
adam,4189,4189,0.024960741297849035,,,nan,,,,,,,
adam,4190,4190,0.025004539495142884,,,nan,,,,,,,
adam,4191,4191,0.025109640778337754,,,nan,,,,,,,
adam,4192,4192,0.02530600957192009,,,nan,,,,,,,
adam,4193,4193,0.025735039377931153,,,nan,,,,,,,
adam,4194,4194,0.026355383445662586,,,nan,,,,,,,
adam,4195,4195,0.027276160446207266,,,nan,,,,,,,
adam,4196,4196,0.028195757734476728,,,nan,,,,,,,
adam,4197,4197,0.027484786714275775,,,nan,,,,,,,
adam,4198,4198,0.026381640040321855,,,nan,,,,,,,
adam,4199,4199,0.025132957335241034,,,nan,,,,,,,
adam,4200,4200,0.025007761058608864,,,0.012669741053142345,,,,,,,
adam,4201,4201,0.025782851760020608,,,nan,,,,,,,
adam,4202,4202,0.02624916905667573,,,nan,,,,,,,
adam,4203,4203,0.025981074099683258,,,nan,,,,,,,
adam,4204,4204,0.025171467024196086,,,nan,,,,,,,
adam,4205,4205,0.02469656171127487,,,nan,,,,,,,
adam,4206,4206,0.024965980333807578,,,nan,,,,,,,
adam,4207,4207,0.025479900740075594,,,nan,,,,,,,
adam,4208,4208,0.02547922031757327,,,nan,,,,,,,
adam,4209,4209,0.025051081715143475,,,nan,,,,,,,
adam,4210,4210,0.024696297004234636,,,nan,,,,,,,
adam,4211,4211,0.024663648126254167,,,nan,,,,,,,
adam,4212,4212,0.02487562111130765,,,nan,,,,,,,
adam,4213,4213,0.025087003991439802,,,nan,,,,,,,
adam,4214,4214,0.02489420600610638,,,nan,,,,,,,
adam,4215,4215,0.024613219264986094,,,nan,,,,,,,
adam,4216,4216,0.02449348784355706,,,nan,,,,,,,
adam,4217,4217,0.024551232059313782,,,nan,,,,,,,
adam,4218,4218,0.024675360822774085,,,nan,,,,,,,
adam,4219,4219,0.024700678435680655,,,nan,,,,,,,
adam,4220,4220,0.024605982751415352,,,nan,,,,,,,
adam,4221,4221,0.024479373045547828,,,nan,,,,,,,
adam,4222,4222,0.024359672406488887,,,nan,,,,,,,
adam,4223,4223,0.024358107768632228,,,nan,,,,,,,
adam,4224,4224,0.02442321808433748,,,nan,,,,,,,
adam,4225,4225,0.024447416947825776,,,nan,,,,,,,
adam,4226,4226,0.02442429427788915,,,nan,,,,,,,
adam,4227,4227,0.024356179621191208,,,nan,,,,,,,
adam,4228,4228,0.024277452671394632,,,nan,,,,,,,
adam,4229,4229,0.024215297894389982,,,nan,,,,,,,
adam,4230,4230,0.02419658957042277,,,nan,,,,,,,
adam,4231,4231,0.024208910724969692,,,nan,,,,,,,
adam,4232,4232,0.024232557856350725,,,nan,,,,,,,
adam,4233,4233,0.02421122486085109,,,nan,,,,,,,
adam,4234,4234,0.024180271567085687,,,nan,,,,,,,
adam,4235,4235,0.024149558947551296,,,nan,,,,,,,
adam,4236,4236,0.024113585051440324,,,nan,,,,,,,
adam,4237,4237,0.02408525967054169,,,nan,,,,,,,
adam,4238,4238,0.02405382315246274,,,nan,,,,,,,
adam,4239,4239,0.02403582549963985,,,nan,,,,,,,
adam,4240,4240,0.024013492655999686,,,nan,,,,,,,
adam,4241,4241,0.02399132919360491,,,nan,,,,,,,
adam,4242,4242,0.023958461944563466,,,nan,,,,,,,
adam,4243,4243,0.023928002095915613,,,nan,,,,,,,
adam,4244,4244,0.023901530826941502,,,nan,,,,,,,
adam,4245,4245,0.02388248104474709,,,nan,,,,,,,
adam,4246,4246,0.023867683095796725,,,nan,,,,,,,
adam,4247,4247,0.023858109321157523,,,nan,,,,,,,
adam,4248,4248,0.02385516273188501,,,nan,,,,,,,
adam,4249,4249,0.02386243012847763,,,nan,,,,,,,
adam,4250,4250,0.023890952601675976,,,nan,,,,,,,
adam,4251,4251,0.02394299605564274,,,nan,,,,,,,
adam,4252,4252,0.024066861365215443,,,nan,,,,,,,
adam,4253,4253,0.024278737846642945,,,nan,,,,,,,
adam,4254,4254,0.024711291475420595,,,nan,,,,,,,
adam,4255,4255,0.025252413701506972,,,nan,,,,,,,
adam,4256,4256,0.025985635740413536,,,nan,,,,,,,
adam,4257,4257,0.026133332481212496,,,nan,,,,,,,
adam,4258,4258,0.025520041584920654,,,nan,,,,,,,
adam,4259,4259,0.024611337784336718,,,nan,,,,,,,
adam,4260,4260,0.02379900266989792,,,nan,,,,,,,
adam,4261,4261,0.023654754691054575,,,nan,,,,,,,
adam,4262,4262,0.02408051654148579,,,nan,,,,,,,
adam,4263,4263,0.024561024956702513,,,nan,,,,,,,
adam,4264,4264,0.02472390865400475,,,nan,,,,,,,
adam,4265,4265,0.024425642504419455,,,nan,,,,,,,
adam,4266,4266,0.023851801507021132,,,nan,,,,,,,
adam,4267,4267,0.023513723898055058,,,nan,,,,,,,
adam,4268,4268,0.023528840008633378,,,nan,,,,,,,
adam,4269,4269,0.023784488424494803,,,nan,,,,,,,
adam,4270,4270,0.02405675587885462,,,nan,,,,,,,
adam,4271,4271,0.023978711545145907,,,nan,,,,,,,
adam,4272,4272,0.023741240069670967,,,nan,,,,,,,
adam,4273,4273,0.023474988808620156,,,nan,,,,,,,
adam,4274,4274,0.023326159030162493,,,nan,,,,,,,
adam,4275,4275,0.023344468285010973,,,nan,,,,,,,
adam,4276,4276,0.023466141668244248,,,nan,,,,,,,
adam,4277,4277,0.023568272178606506,,,nan,,,,,,,
adam,4278,4278,0.02357045690360782,,,nan,,,,,,,
adam,4279,4279,0.023487853132248042,,,nan,,,,,,,
adam,4280,4280,0.02333940971063888,,,nan,,,,,,,
adam,4281,4281,0.023218623112987304,,,nan,,,,,,,
adam,4282,4282,0.023140193348623356,,,nan,,,,,,,
adam,4283,4283,0.02312039000150675,,,nan,,,,,,,
adam,4284,4284,0.02314124277000506,,,nan,,,,,,,
adam,4285,4285,0.023176619545959544,,,nan,,,,,,,
adam,4286,4286,0.023221057465867376,,,nan,,,,,,,
adam,4287,4287,0.0232215497559188,,,nan,,,,,,,
adam,4288,4288,0.023219588914743333,,,nan,,,,,,,
adam,4289,4289,0.023179707195411285,,,nan,,,,,,,
adam,4290,4290,0.02313507680526581,,,nan,,,,,,,
adam,4291,4291,0.023072295246552382,,,nan,,,,,,,
adam,4292,4292,0.02301264003374435,,,nan,,,,,,,
adam,4293,4293,0.02295491098522986,,,nan,,,,,,,
adam,4294,4294,0.022906981993306933,,,nan,,,,,,,
adam,4295,4295,0.02286324269394056,,,nan,,,,,,,
adam,4296,4296,0.02282706699961331,,,nan,,,,,,,
adam,4297,4297,0.02279494715481204,,,nan,,,,,,,
adam,4298,4298,0.022766937067175457,,,nan,,,,,,,
adam,4299,4299,0.02274131540403615,,,nan,,,,,,,
adam,4300,4300,0.022717130813726227,,,0.011162046651169055,,,,,,,
adam,4301,4301,0.022693569870417134,,,nan,,,,,,,
adam,4302,4302,0.022670727903323327,,,nan,,,,,,,
adam,4303,4303,0.022649035438415926,,,nan,,,,,,,
adam,4304,4304,0.02262951481259124,,,nan,,,,,,,
adam,4305,4305,0.022613367180467626,,,nan,,,,,,,
adam,4306,4306,0.022606496714178977,,,nan,,,,,,,
adam,4307,4307,0.02261460091338649,,,nan,,,,,,,
adam,4308,4308,0.022671158171608707,,,nan,,,,,,,
adam,4309,4309,0.02279608270567715,,,nan,,,,,,,
adam,4310,4310,0.023165483851415564,,,nan,,,,,,,
adam,4311,4311,0.023701377172846667,,,nan,,,,,,,
adam,4312,4312,0.025058894658846042,,,nan,,,,,,,
adam,4313,4313,0.025742867672746056,,,nan,,,,,,,
adam,4314,4314,0.0262523331816022,,,nan,,,,,,,
adam,4315,4315,0.025725823075340618,,,nan,,,,,,,
adam,4316,4316,0.023868628286899025,,,nan,,,,,,,
adam,4317,4317,0.02273884315498297,,,nan,,,,,,,
adam,4318,4318,0.023109879232105206,,,nan,,,,,,,
adam,4319,4319,0.023642581312710704,,,nan,,,,,,,
adam,4320,4320,0.024301731477514067,,,nan,,,,,,,
adam,4321,4321,0.024280575834338666,,,nan,,,,,,,
adam,4322,4322,0.0227232454304307,,,nan,,,,,,,
adam,4323,4323,0.0223313926492262,,,nan,,,,,,,
adam,4324,4324,0.023114126883642387,,,nan,,,,,,,
adam,4325,4325,0.02324592142534137,,,nan,,,,,,,
adam,4326,4326,0.023166880030152034,,,nan,,,,,,,
adam,4327,4327,0.022813398942395816,,,nan,,,,,,,
adam,4328,4328,0.022408303051766117,,,nan,,,,,,,
adam,4329,4329,0.022359246651823567,,,nan,,,,,,,
adam,4330,4330,0.02244601510420054,,,nan,,,,,,,
adam,4331,4331,0.022517735640108515,,,nan,,,,,,,
adam,4332,4332,0.022484267528987596,,,nan,,,,,,,
adam,4333,4333,0.022475810600245224,,,nan,,,,,,,
adam,4334,4334,0.022319267716635352,,,nan,,,,,,,
adam,4335,4335,0.022146843593952956,,,nan,,,,,,,
adam,4336,4336,0.022006248283996464,,,nan,,,,,,,
adam,4337,4337,0.022089431984712478,,,nan,,,,,,,
adam,4338,4338,0.022315145840193146,,,nan,,,,,,,
adam,4339,4339,0.022228308852016758,,,nan,,,,,,,
adam,4340,4340,0.02204119487426809,,,nan,,,,,,,
adam,4341,4341,0.02189381450138472,,,nan,,,,,,,
adam,4342,4342,0.02182243977993587,,,nan,,,,,,,
adam,4343,4343,0.021862188790881205,,,nan,,,,,,,
adam,4344,4344,0.021936931672754317,,,nan,,,,,,,
adam,4345,4345,0.021934963731995043,,,nan,,,,,,,
adam,4346,4346,0.02189199245519331,,,nan,,,,,,,
adam,4347,4347,0.021783360845740306,,,nan,,,,,,,
adam,4348,4348,0.021716087401276535,,,nan,,,,,,,
adam,4349,4349,0.02169058295120325,,,nan,,,,,,,
adam,4350,4350,0.021648338058751382,,,nan,,,,,,,
adam,4351,4351,0.021614237964826203,,,nan,,,,,,,
adam,4352,4352,0.02158105153301724,,,nan,,,,,,,
adam,4353,4353,0.02157936027013197,,,nan,,,,,,,
adam,4354,4354,0.02158970338173039,,,nan,,,,,,,
adam,4355,4355,0.021585970091803262,,,nan,,,,,,,
adam,4356,4356,0.021576854494555847,,,nan,,,,,,,
adam,4357,4357,0.02155529505096538,,,nan,,,,,,,
adam,4358,4358,0.021523677479451907,,,nan,,,,,,,
adam,4359,4359,0.021487231856099173,,,nan,,,,,,,
adam,4360,4360,0.021464013178768216,,,nan,,,,,,,
adam,4361,4361,0.021445031641371563,,,nan,,,,,,,
adam,4362,4362,0.02145903023903942,,,nan,,,,,,,
adam,4363,4363,0.0214545036584646,,,nan,,,,,,,
adam,4364,4364,0.02148596068395206,,,nan,,,,,,,
adam,4365,4365,0.02148152681228318,,,nan,,,,,,,
adam,4366,4366,0.021548218306480856,,,nan,,,,,,,
adam,4367,4367,0.02161436729223059,,,nan,,,,,,,
adam,4368,4368,0.02177317838098823,,,nan,,,,,,,
adam,4369,4369,0.021936764294584275,,,nan,,,,,,,
adam,4370,4370,0.022235122024867354,,,nan,,,,,,,
adam,4371,4371,0.022405117267189696,,,nan,,,,,,,
adam,4372,4372,0.022604019267033346,,,nan,,,,,,,
adam,4373,4373,0.022460360142628397,,,nan,,,,,,,
adam,4374,4374,0.022195653827229142,,,nan,,,,,,,
adam,4375,4375,0.0217067978057572,,,nan,,,,,,,
adam,4376,4376,0.021275123206839858,,,nan,,,,,,,
adam,4377,4377,0.02099788638100405,,,nan,,,,,,,
adam,4378,4378,0.020925964959643762,,,nan,,,,,,,
adam,4379,4379,0.02102390838383663,,,nan,,,,,,,
adam,4380,4380,0.021213945142181306,,,nan,,,,,,,
adam,4381,4381,0.021425577043379496,,,nan,,,,,,,
adam,4382,4382,0.021570873723332048,,,nan,,,,,,,
adam,4383,4383,0.021673643563093634,,,nan,,,,,,,
adam,4384,4384,0.02159252212078929,,,nan,,,,,,,
adam,4385,4385,0.02147242551021429,,,nan,,,,,,,
adam,4386,4386,0.02120060703515937,,,nan,,,,,,,
adam,4387,4387,0.020971918364302934,,,nan,,,,,,,
adam,4388,4388,0.020778305921669717,,,nan,,,,,,,
adam,4389,4389,0.020669248545554783,,,nan,,,,,,,
adam,4390,4390,0.02063604151441433,,,nan,,,,,,,
adam,4391,4391,0.02066144009730301,,,nan,,,,,,,
adam,4392,4392,0.020730399204833175,,,nan,,,,,,,
adam,4393,4393,0.0208195564152004,,,nan,,,,,,,
adam,4394,4394,0.020932974946575925,,,nan,,,,,,,
adam,4395,4395,0.021033763308190723,,,nan,,,,,,,
adam,4396,4396,0.02118912624524981,,,nan,,,,,,,
adam,4397,4397,0.021273455793305474,,,nan,,,,,,,
adam,4398,4398,0.02142688396379874,,,nan,,,,,,,
adam,4399,4399,0.021386129863375625,,,nan,,,,,,,
adam,4400,4400,0.021358864639610817,,,0.010952038667321026,,,,,,,
adam,4401,4401,0.021146153981217445,,,nan,,,,,,,
adam,4402,4402,0.020911244107883094,,,nan,,,,,,,
adam,4403,4403,0.020649869232120886,,,nan,,,,,,,
adam,4404,4404,0.020437217911782934,,,nan,,,,,,,
adam,4405,4405,0.02030468105619295,,,nan,,,,,,,
adam,4406,4406,0.020254077733996772,,,nan,,,,,,,
adam,4407,4407,0.020261675296248942,,,nan,,,,,,,
adam,4408,4408,0.020312613322048936,,,nan,,,,,,,
adam,4409,4409,0.020399559208171422,,,nan,,,,,,,
adam,4410,4410,0.020508825909617227,,,nan,,,,,,,
adam,4411,4411,0.020656862579106396,,,nan,,,,,,,
adam,4412,4412,0.020788105919751984,,,nan,,,,,,,
adam,4413,4413,0.02097028327851185,,,nan,,,,,,,
adam,4414,4414,0.021074142558322632,,,nan,,,,,,,
adam,4415,4415,0.021209011854029076,,,nan,,,,,,,
adam,4416,4416,0.02114294893969608,,,nan,,,,,,,
adam,4417,4417,0.02103701338704785,,,nan,,,,,,,
adam,4418,4418,0.02071353903212926,,,nan,,,,,,,
adam,4419,4419,0.020394714528620884,,,nan,,,,,,,
adam,4420,4420,0.020100911944969255,,,nan,,,,,,,
adam,4421,4421,0.01992970764980482,,,nan,,,,,,,
adam,4422,4422,0.019877355313225747,,,nan,,,,,,,
adam,4423,4423,0.01991220757542561,,,nan,,,,,,,
adam,4424,4424,0.019997447575121757,,,nan,,,,,,,
adam,4425,4425,0.02010041732367313,,,nan,,,,,,,
adam,4426,4426,0.020237179049776274,,,nan,,,,,,,
adam,4427,4427,0.020353588511043387,,,nan,,,,,,,
adam,4428,4428,0.020494445156888204,,,nan,,,,,,,
adam,4429,4429,0.020560221334037565,,,nan,,,,,,,
adam,4430,4430,0.020603482470074364,,,nan,,,,,,,
adam,4431,4431,0.020520739860264998,,,nan,,,,,,,
adam,4432,4432,0.02038853132887606,,,nan,,,,,,,
adam,4433,4433,0.020169732408056314,,,nan,,,,,,,
adam,4434,4434,0.019957645181650847,,,nan,,,,,,,
adam,4435,4435,0.019757173372583516,,,nan,,,,,,,
adam,4436,4436,0.019613863845308457,,,nan,,,,,,,
adam,4437,4437,0.019522449039077565,,,nan,,,,,,,
adam,4438,4438,0.01947865092796834,,,nan,,,,,,,
adam,4439,4439,0.019469728361994974,,,nan,,,,,,,
adam,4440,4440,0.01948594312284473,,,nan,,,,,,,
adam,4441,4441,0.019524645031570607,,,nan,,,,,,,
adam,4442,4442,0.01958819664289745,,,nan,,,,,,,
adam,4443,4443,0.019697867731712122,,,nan,,,,,,,
adam,4444,4444,0.019854357358538792,,,nan,,,,,,,
adam,4445,4445,0.020134878827762822,,,nan,,,,,,,
adam,4446,4446,0.020458570826312902,,,nan,,,,,,,
adam,4447,4447,0.02099296232171619,,,nan,,,,,,,
adam,4448,4448,0.021262694473730488,,,nan,,,,,,,
adam,4449,4449,0.02148441797123958,,,nan,,,,,,,
adam,4450,4450,0.02100768191857639,,,nan,,,,,,,
adam,4451,4451,0.020383777630685367,,,nan,,,,,,,
adam,4452,4452,0.019802358129876754,,,nan,,,,,,,
adam,4453,4453,0.019501647015531573,,,nan,,,,,,,
adam,4454,4454,0.019404875838811175,,,nan,,,,,,,
adam,4455,4455,0.019466045224710453,,,nan,,,,,,,
adam,4456,4456,0.01955949544908864,,,nan,,,,,,,
adam,4457,4457,0.019708121749471234,,,nan,,,,,,,
adam,4458,4458,0.019844287225661523,,,nan,,,,,,,
adam,4459,4459,0.019782793279805123,,,nan,,,,,,,
adam,4460,4460,0.01958736861709752,,,nan,,,,,,,
adam,4461,4461,0.019209558459818046,,,nan,,,,,,,
adam,4462,4462,0.01896263061094277,,,nan,,,,,,,
adam,4463,4463,0.018915303502831306,,,nan,,,,,,,
adam,4464,4464,0.019020970973508754,,,nan,,,,,,,
adam,4465,4465,0.019183241732161474,,,nan,,,,,,,
adam,4466,4466,0.019264759782186107,,,nan,,,,,,,
adam,4467,4467,0.01923955025007801,,,nan,,,,,,,
adam,4468,4468,0.019114016658557983,,,nan,,,,,,,
adam,4469,4469,0.018982957872132257,,,nan,,,,,,,
adam,4470,4470,0.018917568877328622,,,nan,,,,,,,
adam,4471,4471,0.018951513641897802,,,nan,,,,,,,
adam,4472,4472,0.019023675645829585,,,nan,,,,,,,
adam,4473,4473,0.019114834542729577,,,nan,,,,,,,
adam,4474,4474,0.01912240483457732,,,nan,,,,,,,
adam,4475,4475,0.01906833695786392,,,nan,,,,,,,
adam,4476,4476,0.018942586966606112,,,nan,,,,,,,
adam,4477,4477,0.018820455308252954,,,nan,,,,,,,
adam,4478,4478,0.018742979703176663,,,nan,,,,,,,
adam,4479,4479,0.018742066019642983,,,nan,,,,,,,
adam,4480,4480,0.018785785886025058,,,nan,,,,,,,
adam,4481,4481,0.018838455931942555,,,nan,,,,,,,
adam,4482,4482,0.01883889551431891,,,nan,,,,,,,
adam,4483,4483,0.01879952053959246,,,nan,,,,,,,
adam,4484,4484,0.018716976388105162,,,nan,,,,,,,
adam,4485,4485,0.01864355390026803,,,nan,,,,,,,
adam,4486,4486,0.01861029017161544,,,nan,,,,,,,
adam,4487,4487,0.01865727248881214,,,nan,,,,,,,
adam,4488,4488,0.018792865267862162,,,nan,,,,,,,
adam,4489,4489,0.019063925900402373,,,nan,,,,,,,
adam,4490,4490,0.019375347356111707,,,nan,,,,,,,
adam,4491,4491,0.019816683542651894,,,nan,,,,,,,
adam,4492,4492,0.01997098821370205,,,nan,,,,,,,
adam,4493,4493,0.020039449396613576,,,nan,,,,,,,
adam,4494,4494,0.01979169903119826,,,nan,,,,,,,
adam,4495,4495,0.019665715645668738,,,nan,,,,,,,
adam,4496,4496,0.01953270562144016,,,nan,,,,,,,
adam,4497,4497,0.019296978051702073,,,nan,,,,,,,
adam,4498,4498,0.018734950575628267,,,nan,,,,,,,
adam,4499,4499,0.018279883885969104,,,nan,,,,,,,
adam,4500,4500,0.018144629181494936,,,0.009841384717971058,,,,,,,
adam,4501,4501,0.018394836954356182,,,nan,,,,,,,
adam,4502,4502,0.018802012364553818,,,nan,,,,,,,
adam,4503,4503,0.01895979583556482,,,nan,,,,,,,
adam,4504,4504,0.018837078867241994,,,nan,,,,,,,
adam,4505,4505,0.018439256800275975,,,nan,,,,,,,
adam,4506,4506,0.018121040255955116,,,nan,,,,,,,
adam,4507,4507,0.018020206321320252,,,nan,,,,,,,
adam,4508,4508,0.0180989329515326,,,nan,,,,,,,
adam,4509,4509,0.018214901225327713,,,nan,,,,,,,
adam,4510,4510,0.018216997809295296,,,nan,,,,,,,
adam,4511,4511,0.01808705807549177,,,nan,,,,,,,
adam,4512,4512,0.017901633824160393,,,nan,,,,,,,
adam,4513,4513,0.017776813290236556,,,nan,,,,,,,
adam,4514,4514,0.017762417593237333,,,nan,,,,,,,
adam,4515,4515,0.017835605982522033,,,nan,,,,,,,
adam,4516,4516,0.017935487178187257,,,nan,,,,,,,
adam,4517,4517,0.01801332053192798,,,nan,,,,,,,
adam,4518,4518,0.018037138614677626,,,nan,,,,,,,
adam,4519,4519,0.018031520754575623,,,nan,,,,,,,
adam,4520,4520,0.01802863177393777,,,nan,,,,,,,
adam,4521,4521,0.018080328112626422,,,nan,,,,,,,
adam,4522,4522,0.018202652604540695,,,nan,,,,,,,
adam,4523,4523,0.018421115821704158,,,nan,,,,,,,
adam,4524,4524,0.01868243409127578,,,nan,,,,,,,
adam,4525,4525,0.018951688129366432,,,nan,,,,,,,
adam,4526,4526,0.01907442250953971,,,nan,,,,,,,
adam,4527,4527,0.01904318313901751,,,nan,,,,,,,
adam,4528,4528,0.01878611185711563,,,nan,,,,,,,
adam,4529,4529,0.018435397412555878,,,nan,,,,,,,
adam,4530,4530,0.01804055789628007,,,nan,,,,,,,
adam,4531,4531,0.01769160021747441,,,nan,,,,,,,
adam,4532,4532,0.01745094574910944,,,nan,,,,,,,
adam,4533,4533,0.01736081495051675,,,nan,,,,,,,
adam,4534,4534,0.01742223425340483,,,nan,,,,,,,
adam,4535,4535,0.01758357632292072,,,nan,,,,,,,
adam,4536,4536,0.01777928668633748,,,nan,,,,,,,
adam,4537,4537,0.0179515076227159,,,nan,,,,,,,
adam,4538,4538,0.018046981940245514,,,nan,,,,,,,
adam,4539,4539,0.018059146987366843,,,nan,,,,,,,
adam,4540,4540,0.01795450232151907,,,nan,,,,,,,
adam,4541,4541,0.017768309423822473,,,nan,,,,,,,
adam,4542,4542,0.0175505817640882,,,nan,,,,,,,
adam,4543,4543,0.017352756381863996,,,nan,,,,,,,
adam,4544,4544,0.017216321071659553,,,nan,,,,,,,
adam,4545,4545,0.017135981861816443,,,nan,,,,,,,
adam,4546,4546,0.017096599650178956,,,nan,,,,,,,
adam,4547,4547,0.01708302643679273,,,nan,,,,,,,
adam,4548,4548,0.017092760294613037,,,nan,,,,,,,
adam,4549,4549,0.017124469944118894,,,nan,,,,,,,
adam,4550,4550,0.017189534621375662,,,nan,,,,,,,
adam,4551,4551,0.017286053971817768,,,nan,,,,,,,
adam,4552,4552,0.017420460249876833,,,nan,,,,,,,
adam,4553,4553,0.017598708316730403,,,nan,,,,,,,
adam,4554,4554,0.017804823302709657,,,nan,,,,,,,
adam,4555,4555,0.01804614191435386,,,nan,,,,,,,
adam,4556,4556,0.01827646879197012,,,nan,,,,,,,
adam,4557,4557,0.018463025714963437,,,nan,,,,,,,
adam,4558,4558,0.01853401023771681,,,nan,,,,,,,
adam,4559,4559,0.0184112815823057,,,nan,,,,,,,
adam,4560,4560,0.018068023439875996,,,nan,,,,,,,
adam,4561,4561,0.01754576722778792,,,nan,,,,,,,
adam,4562,4562,0.017042994508649524,,,nan,,,,,,,
adam,4563,4563,0.01673592895158441,,,nan,,,,,,,
adam,4564,4564,0.016699300594625138,,,nan,,,,,,,
adam,4565,4565,0.01685428808901051,,,nan,,,,,,,
adam,4566,4566,0.017062854384623495,,,nan,,,,,,,
adam,4567,4567,0.017245662621229094,,,nan,,,,,,,
adam,4568,4568,0.017307132920667535,,,nan,,,,,,,
adam,4569,4569,0.017293284180223113,,,nan,,,,,,,
adam,4570,4570,0.017193717650725554,,,nan,,,,,,,
adam,4571,4571,0.01704492622327449,,,nan,,,,,,,
adam,4572,4572,0.01690014474736833,,,nan,,,,,,,
adam,4573,4573,0.01674686125702894,,,nan,,,,,,,
adam,4574,4574,0.016624429995915662,,,nan,,,,,,,
adam,4575,4575,0.01652644685799939,,,nan,,,,,,,
adam,4576,4576,0.016466064959827435,,,nan,,,,,,,
adam,4577,4577,0.016444986100669388,,,nan,,,,,,,
adam,4578,4578,0.016463847446417258,,,nan,,,,,,,
adam,4579,4579,0.016515004877056153,,,nan,,,,,,,
adam,4580,4580,0.016595146120740395,,,nan,,,,,,,
adam,4581,4581,0.01669852698294233,,,nan,,,,,,,
adam,4582,4582,0.016819331085564136,,,nan,,,,,,,
adam,4583,4583,0.016967034376468796,,,nan,,,,,,,
adam,4584,4584,0.01712595540075929,,,nan,,,,,,,
adam,4585,4585,0.01731248177771777,,,nan,,,,,,,
adam,4586,4586,0.017524392741287077,,,nan,,,,,,,
adam,4587,4587,0.017720621854228347,,,nan,,,,,,,
adam,4588,4588,0.01794188277226468,,,nan,,,,,,,
adam,4589,4589,0.017942105933304694,,,nan,,,,,,,
adam,4590,4590,0.017765105550489754,,,nan,,,,,,,
adam,4591,4591,0.017197085910653307,,,nan,,,,,,,
adam,4592,4592,0.01656310919351278,,,nan,,,,,,,
adam,4593,4593,0.016146624241898718,,,nan,,,,,,,
adam,4594,4594,0.016137832366852598,,,nan,,,,,,,
adam,4595,4595,0.016394056473612733,,,nan,,,,,,,
adam,4596,4596,0.01663677573920375,,,nan,,,,,,,
adam,4597,4597,0.016757361066013554,,,nan,,,,,,,
adam,4598,4598,0.016603566750216292,,,nan,,,,,,,
adam,4599,4599,0.01641566281216287,,,nan,,,,,,,
adam,4600,4600,0.016264050847901116,,,0.008720534909574829,,,,,,,
adam,4601,4601,0.016245335561404176,,,nan,,,,,,,
adam,4602,4602,0.016346978584892626,,,nan,,,,,,,
adam,4603,4603,0.016427150728688777,,,nan,,,,,,,
adam,4604,4604,0.016447680284317014,,,nan,,,,,,,
adam,4605,4605,0.016332755292875888,,,nan,,,,,,,
adam,4606,4606,0.01616001526312164,,,nan,,,,,,,
adam,4607,4607,0.01597132815208642,,,nan,,,,,,,
adam,4608,4608,0.015831833578094943,,,nan,,,,,,,
adam,4609,4609,0.01576339166171266,,,nan,,,,,,,
adam,4610,4610,0.015759783640225546,,,nan,,,,,,,
adam,4611,4611,0.015796675665037743,,,nan,,,,,,,
adam,4612,4612,0.01584570278440934,,,nan,,,,,,,
adam,4613,4613,0.01589871909164275,,,nan,,,,,,,
adam,4614,4614,0.01592662552409302,,,nan,,,,,,,
adam,4615,4615,0.01594825344668539,,,nan,,,,,,,
adam,4616,4616,0.0159268576256375,,,nan,,,,,,,
adam,4617,4617,0.01589784380167983,,,nan,,,,,,,
adam,4618,4618,0.015833673648020498,,,nan,,,,,,,
adam,4619,4619,0.015765442948705286,,,nan,,,,,,,
adam,4620,4620,0.01568521437440743,,,nan,,,,,,,
adam,4621,4621,0.015613316272153838,,,nan,,,,,,,
adam,4622,4622,0.015548055961097389,,,nan,,,,,,,
adam,4623,4623,0.015498230397913388,,,nan,,,,,,,
adam,4624,4624,0.015460997473420501,,,nan,,,,,,,
adam,4625,4625,0.015437993076899838,,,nan,,,,,,,
adam,4626,4626,0.015430697620315221,,,nan,,,,,,,
adam,4627,4627,0.015447051071324235,,,nan,,,,,,,
adam,4628,4628,0.015505274705176684,,,nan,,,,,,,
adam,4629,4629,0.015650193739365034,,,nan,,,,,,,
adam,4630,4630,0.015969155407839983,,,nan,,,,,,,
adam,4631,4631,0.016651435479391383,,,nan,,,,,,,
adam,4632,4632,0.01791139926024823,,,nan,,,,,,,
adam,4633,4633,0.020018781716751095,,,nan,,,,,,,
adam,4634,4634,0.02210182283823335,,,nan,,,,,,,
adam,4635,4635,0.022777463595082585,,,nan,,,,,,,
adam,4636,4636,0.021056055067633316,,,nan,,,,,,,
adam,4637,4637,0.01857297244819715,,,nan,,,,,,,
adam,4638,4638,0.016508006174334393,,,nan,,,,,,,
adam,4639,4639,0.01684301791957989,,,nan,,,,,,,
adam,4640,4640,0.01886586928932278,,,nan,,,,,,,
adam,4641,4641,0.018531769272134662,,,nan,,,,,,,
adam,4642,4642,0.01645253774222191,,,nan,,,,,,,
adam,4643,4643,0.015410484117155822,,,nan,,,,,,,
adam,4644,4644,0.01640867290088491,,,nan,,,,,,,
adam,4645,4645,0.017589467560645743,,,nan,,,,,,,
adam,4646,4646,0.01690178135709958,,,nan,,,,,,,
adam,4647,4647,0.015384974229998185,,,nan,,,,,,,
adam,4648,4648,0.015387978046056638,,,nan,,,,,,,
adam,4649,4649,0.01636561546481552,,,nan,,,,,,,
adam,4650,4650,0.0164951327054261,,,nan,,,,,,,
adam,4651,4651,0.015641516730046635,,,nan,,,,,,,
adam,4652,4652,0.015031437576142306,,,nan,,,,,,,
adam,4653,4653,0.015366720550129935,,,nan,,,,,,,
adam,4654,4654,0.01594488042348466,,,nan,,,,,,,
adam,4655,4655,0.015804635173093606,,,nan,,,,,,,
adam,4656,4656,0.015196424634255412,,,nan,,,,,,,
adam,4657,4657,0.014913955710667112,,,nan,,,,,,,
adam,4658,4658,0.015187608250058651,,,nan,,,,,,,
adam,4659,4659,0.015467455576003437,,,nan,,,,,,,
adam,4660,4660,0.015351582728866862,,,nan,,,,,,,
adam,4661,4661,0.015034697313565628,,,nan,,,,,,,
adam,4662,4662,0.014826119373402186,,,nan,,,,,,,
adam,4663,4663,0.01493991286282161,,,nan,,,,,,,
adam,4664,4664,0.015120132539930534,,,nan,,,,,,,
adam,4665,4665,0.015072069788766535,,,nan,,,,,,,
adam,4666,4666,0.014878844282840652,,,nan,,,,,,,
adam,4667,4667,0.014753412107367369,,,nan,,,,,,,
adam,4668,4668,0.014766411958209883,,,nan,,,,,,,
adam,4669,4669,0.014842629548839192,,,nan,,,,,,,
adam,4670,4670,0.014856332982630772,,,nan,,,,,,,
adam,4671,4671,0.014748786922092288,,,nan,,,,,,,
adam,4672,4672,0.01464907340092626,,,nan,,,,,,,
adam,4673,4673,0.014636189442058332,,,nan,,,,,,,
adam,4674,4674,0.014664653692507306,,,nan,,,,,,,
adam,4675,4675,0.014673524726008764,,,nan,,,,,,,
adam,4676,4676,0.014628744035457381,,,nan,,,,,,,
adam,4677,4677,0.014554815114675664,,,nan,,,,,,,
adam,4678,4678,0.014502173210762925,,,nan,,,,,,,
adam,4679,4679,0.014498750048034432,,,nan,,,,,,,
adam,4680,4680,0.014518195698907863,,,nan,,,,,,,
adam,4681,4681,0.014521254819409,,,nan,,,,,,,
adam,4682,4682,0.01449122525416098,,,nan,,,,,,,
adam,4683,4683,0.014436203083318513,,,nan,,,,,,,
adam,4684,4684,0.014383977142474176,,,nan,,,,,,,
adam,4685,4685,0.01435525342448583,,,nan,,,,,,,
adam,4686,4686,0.014348257715179502,,,nan,,,,,,,
adam,4687,4687,0.014345587832350659,,,nan,,,,,,,
adam,4688,4688,0.014337585589076355,,,nan,,,,,,,
adam,4689,4689,0.014318073009309231,,,nan,,,,,,,
adam,4690,4690,0.01428542701652357,,,nan,,,,,,,
adam,4691,4691,0.014253494523181219,,,nan,,,,,,,
adam,4692,4692,0.01423031833973858,,,nan,,,,,,,
adam,4693,4693,0.014216851737921858,,,nan,,,,,,,
adam,4694,4694,0.014210597692710358,,,nan,,,,,,,
adam,4695,4695,0.01421195554249334,,,nan,,,,,,,
adam,4696,4696,0.014216283308054686,,,nan,,,,,,,
adam,4697,4697,0.014232596085606248,,,nan,,,,,,,
adam,4698,4698,0.014260584180692279,,,nan,,,,,,,
adam,4699,4699,0.014341396206289676,,,nan,,,,,,,
adam,4700,4700,0.014468710994736,,,0.007511046097359477,,,,,,,
adam,4701,4701,0.014775092482082374,,,nan,,,,,,,
adam,4702,4702,0.015195317330532821,,,nan,,,,,,,
adam,4703,4703,0.016084926093168306,,,nan,,,,,,,
adam,4704,4704,0.016855077999984744,,,nan,,,,,,,
adam,4705,4705,0.017901675488416972,,,nan,,,,,,,
adam,4706,4706,0.017421666965400665,,,nan,,,,,,,
adam,4707,4707,0.015969637201247992,,,nan,,,,,,,
adam,4708,4708,0.014514455683919448,,,nan,,,,,,,
adam,4709,4709,0.01462299246664419,,,nan,,,,,,,
adam,4710,4710,0.015655387574076654,,,nan,,,,,,,
adam,4711,4711,0.015678612526936822,,,nan,,,,,,,
adam,4712,4712,0.014897057787633882,,,nan,,,,,,,
adam,4713,4713,0.014002730516485987,,,nan,,,,,,,
adam,4714,4714,0.014193248099812929,,,nan,,,,,,,
adam,4715,4715,0.01496764273505917,,,nan,,,,,,,
adam,4716,4716,0.015056009973592925,,,nan,,,,,,,
adam,4717,4717,0.014660332929649201,,,nan,,,,,,,
adam,4718,4718,0.014027882486689045,,,nan,,,,,,,
adam,4719,4719,0.014029313914904161,,,nan,,,,,,,
adam,4720,4720,0.014449270088340481,,,nan,,,,,,,
adam,4721,4721,0.014541755145191938,,,nan,,,,,,,
adam,4722,4722,0.01430277548896077,,,nan,,,,,,,
adam,4723,4723,0.013842139092536841,,,nan,,,,,,,
adam,4724,4724,0.01369990848585445,,,nan,,,,,,,
adam,4725,4725,0.013891161225608519,,,nan,,,,,,,
adam,4726,4726,0.014078614119163162,,,nan,,,,,,,
adam,4727,4727,0.014109788618314922,,,nan,,,,,,,
adam,4728,4728,0.013884628932690189,,,nan,,,,,,,
adam,4729,4729,0.013675208587593992,,,nan,,,,,,,
adam,4730,4730,0.0136320476686474,,,nan,,,,,,,
adam,4731,4731,0.013749541117184376,,,nan,,,,,,,
adam,4732,4732,0.013897949221628243,,,nan,,,,,,,
adam,4733,4733,0.013919365598382642,,,nan,,,,,,,
adam,4734,4734,0.013860105860200861,,,nan,,,,,,,
adam,4735,4735,0.01378828097558885,,,nan,,,,,,,
adam,4736,4736,0.01382306495758688,,,nan,,,,,,,
adam,4737,4737,0.014005278195093316,,,nan,,,,,,,
adam,4738,4738,0.014285455879921402,,,nan,,,,,,,
adam,4739,4739,0.014618107003883978,,,nan,,,,,,,
adam,4740,4740,0.014884613053479292,,,nan,,,,,,,
adam,4741,4741,0.015154088995430711,,,nan,,,,,,,
adam,4742,4742,0.015111023816127216,,,nan,,,,,,,
adam,4743,4743,0.01494858245040961,,,nan,,,,,,,
adam,4744,4744,0.014501522469059416,,,nan,,,,,,,
adam,4745,4745,0.014031746936260314,,,nan,,,,,,,
adam,4746,4746,0.01363468533364739,,,nan,,,,,,,
adam,4747,4747,0.013422484002322795,,,nan,,,,,,,
adam,4748,4748,0.013406903235623172,,,nan,,,,,,,
adam,4749,4749,0.01352582028860984,,,nan,,,,,,,
adam,4750,4750,0.013703393742183767,,,nan,,,,,,,
adam,4751,4751,0.013823399426725664,,,nan,,,,,,,
adam,4752,4752,0.013875040424208625,,,nan,,,,,,,
adam,4753,4753,0.013747745952091476,,,nan,,,,,,,
adam,4754,4754,0.01357703042337281,,,nan,,,,,,,
adam,4755,4755,0.013402318106288051,,,nan,,,,,,,
adam,4756,4756,0.013272434515239153,,,nan,,,,,,,
adam,4757,4757,0.013226395434055096,,,nan,,,,,,,
adam,4758,4758,0.01323789190635997,,,nan,,,,,,,
adam,4759,4759,0.013288106397767094,,,nan,,,,,,,
adam,4760,4760,0.013336881340188494,,,nan,,,,,,,
adam,4761,4761,0.013360961198503808,,,nan,,,,,,,
adam,4762,4762,0.013341569768142136,,,nan,,,,,,,
adam,4763,4763,0.01329318656907469,,,nan,,,,,,,
adam,4764,4764,0.013207407518567225,,,nan,,,,,,,
adam,4765,4765,0.01312254107275369,,,nan,,,,,,,
adam,4766,4766,0.013043188210422905,,,nan,,,,,,,
adam,4767,4767,0.012986230593333118,,,nan,,,,,,,
adam,4768,4768,0.012953345732087885,,,nan,,,,,,,
adam,4769,4769,0.01294198024107667,,,nan,,,,,,,
adam,4770,4770,0.01295108198368357,,,nan,,,,,,,
adam,4771,4771,0.012978259274304692,,,nan,,,,,,,
adam,4772,4772,0.01302873375668515,,,nan,,,,,,,
adam,4773,4773,0.01310742837655898,,,nan,,,,,,,
adam,4774,4774,0.013245584140653788,,,nan,,,,,,,
adam,4775,4775,0.013459420603466828,,,nan,,,,,,,
adam,4776,4776,0.013880793293367097,,,nan,,,,,,,
adam,4777,4777,0.014426847204445849,,,nan,,,,,,,
adam,4778,4778,0.015511018562924094,,,nan,,,,,,,
adam,4779,4779,0.016229981408760287,,,nan,,,,,,,
adam,4780,4780,0.017101781599025905,,,nan,,,,,,,
adam,4781,4781,0.015956365421508346,,,nan,,,,,,,
adam,4782,4782,0.014162449267155017,,,nan,,,,,,,
adam,4783,4783,0.012854394662530352,,,nan,,,,,,,
adam,4784,4784,0.013398223478492073,,,nan,,,,,,,
adam,4785,4785,0.014718034521747426,,,nan,,,,,,,
adam,4786,4786,0.014608599958203279,,,nan,,,,,,,
adam,4787,4787,0.013727168629284803,,,nan,,,,,,,
adam,4788,4788,0.012755558137448459,,,nan,,,,,,,
adam,4789,4789,0.012965537854722183,,,nan,,,,,,,
adam,4790,4790,0.013788508985284656,,,nan,,,,,,,
adam,4791,4791,0.01383667689954829,,,nan,,,,,,,
adam,4792,4792,0.013386215263674221,,,nan,,,,,,,
adam,4793,4793,0.01268385711536176,,,nan,,,,,,,
adam,4794,4794,0.012662868617985322,,,nan,,,,,,,
adam,4795,4795,0.013153763884447264,,,nan,,,,,,,
adam,4796,4796,0.013376670811895343,,,nan,,,,,,,
adam,4797,4797,0.013254468065776633,,,nan,,,,,,,
adam,4798,4798,0.012754969930121577,,,nan,,,,,,,
adam,4799,4799,0.012519313287545616,,,nan,,,,,,,
adam,4800,4800,0.012669091778483296,,,0.00685840465974027,,,,,,,
adam,4801,4801,0.012947329372169818,,,nan,,,,,,,
adam,4802,4802,0.013168974788309425,,,nan,,,,,,,
adam,4803,4803,0.013066062919184274,,,nan,,,,,,,
adam,4804,4804,0.013005771454074912,,,nan,,,,,,,
adam,4805,4805,0.013200627365994122,,,nan,,,,,,,
adam,4806,4806,0.013716869884975086,,,nan,,,,,,,
adam,4807,4807,0.014627448477597824,,,nan,,,,,,,
adam,4808,4808,0.015387391038198596,,,nan,,,,,,,
adam,4809,4809,0.015720692440433684,,,nan,,,,,,,
adam,4810,4810,0.015003290094805433,,,nan,,,,,,,
adam,4811,4811,0.013931939534782417,,,nan,,,,,,,
adam,4812,4812,0.012930675195535677,,,nan,,,,,,,
adam,4813,4813,0.012578850028115034,,,nan,,,,,,,
adam,4814,4814,0.012742009337336917,,,nan,,,,,,,
adam,4815,4815,0.013091487888664235,,,nan,,,,,,,
adam,4816,4816,0.013395566508030823,,,nan,,,,,,,
adam,4817,4817,0.013257498967323884,,,nan,,,,,,,
adam,4818,4818,0.013011956737716626,,,nan,,,,,,,
adam,4819,4819,0.01271436186684128,,,nan,,,,,,,
adam,4820,4820,0.012523027370496934,,,nan,,,,,,,
adam,4821,4821,0.012521188596646513,,,nan,,,,,,,
adam,4822,4822,0.012542950912052715,,,nan,,,,,,,
adam,4823,4823,0.012568401038608784,,,nan,,,,,,,
adam,4824,4824,0.01252972922131692,,,nan,,,,,,,
adam,4825,4825,0.012471236904857613,,,nan,,,,,,,
adam,4826,4826,0.01242842071916337,,,nan,,,,,,,
adam,4827,4827,0.012377904442748586,,,nan,,,,,,,
adam,4828,4828,0.012358948626433896,,,nan,,,,,,,
adam,4829,4829,0.012292647487947889,,,nan,,,,,,,
adam,4830,4830,0.01221892994796913,,,nan,,,,,,,
adam,4831,4831,0.012145189927033312,,,nan,,,,,,,
adam,4832,4832,0.012103833246846971,,,nan,,,,,,,
adam,4833,4833,0.012096994526015429,,,nan,,,,,,,
adam,4834,4834,0.012119846051087381,,,nan,,,,,,,
adam,4835,4835,0.012166800068489077,,,nan,,,,,,,
adam,4836,4836,0.012176021088784931,,,nan,,,,,,,
adam,4837,4837,0.012177114900441093,,,nan,,,,,,,
adam,4838,4838,0.012115992640144383,,,nan,,,,,,,
adam,4839,4839,0.012044820851501714,,,nan,,,,,,,
adam,4840,4840,0.0119588405591796,,,nan,,,,,,,
adam,4841,4841,0.011887078833631328,,,nan,,,,,,,
adam,4842,4842,0.011839081202152286,,,nan,,,,,,,
adam,4843,4843,0.011818325598416966,,,nan,,,,,,,
adam,4844,4844,0.011819855334757608,,,nan,,,,,,,
adam,4845,4845,0.011835334643420799,,,nan,,,,,,,
adam,4846,4846,0.011860771813222568,,,nan,,,,,,,
adam,4847,4847,0.011886950965627786,,,nan,,,,,,,
adam,4848,4848,0.011926779528933432,,,nan,,,,,,,
adam,4849,4849,0.011957949791393143,,,nan,,,,,,,
adam,4850,4850,0.012020133615568649,,,nan,,,,,,,
adam,4851,4851,0.01206262615605114,,,nan,,,,,,,
adam,4852,4852,0.012165106476842935,,,nan,,,,,,,
adam,4853,4853,0.012222397763210595,,,nan,,,,,,,
adam,4854,4854,0.012379374744623606,,,nan,,,,,,,
adam,4855,4855,0.012427853125109238,,,nan,,,,,,,
adam,4856,4856,0.012616202525909134,,,nan,,,,,,,
adam,4857,4857,0.012582611281289062,,,nan,,,,,,,
adam,4858,4858,0.012692686433322518,,,nan,,,,,,,
adam,4859,4859,0.012517862350459756,,,nan,,,,,,,
adam,4860,4860,0.012456074884118684,,,nan,,,,,,,
adam,4861,4861,0.012261708191523203,,,nan,,,,,,,
adam,4862,4862,0.012171482041169619,,,nan,,,,,,,
adam,4863,4863,0.012163877417837195,,,nan,,,,,,,
adam,4864,4864,0.012229874393817074,,,nan,,,,,,,
adam,4865,4865,0.012403105838004688,,,nan,,,,,,,
adam,4866,4866,0.012563440302362113,,,nan,,,,,,,
adam,4867,4867,0.012720441429982448,,,nan,,,,,,,
adam,4868,4868,0.01277212707594841,,,nan,,,,,,,
adam,4869,4869,0.012742045207961822,,,nan,,,,,,,
adam,4870,4870,0.012582263968233169,,,nan,,,,,,,
adam,4871,4871,0.012404123456113459,,,nan,,,,,,,
adam,4872,4872,0.012177430201437769,,,nan,,,,,,,
adam,4873,4873,0.012052593738425484,,,nan,,,,,,,
adam,4874,4874,0.011918289477892585,,,nan,,,,,,,
adam,4875,4875,0.011933264297427446,,,nan,,,,,,,
adam,4876,4876,0.011916507670486404,,,nan,,,,,,,
adam,4877,4877,0.011999472644365426,,,nan,,,,,,,
adam,4878,4878,0.01203375279561022,,,nan,,,,,,,
adam,4879,4879,0.01205970439857027,,,nan,,,,,,,
adam,4880,4880,0.012030080871097991,,,nan,,,,,,,
adam,4881,4881,0.011925932342322403,,,nan,,,,,,,
adam,4882,4882,0.011784602732263628,,,nan,,,,,,,
adam,4883,4883,0.01160734705444281,,,nan,,,,,,,
adam,4884,4884,0.011446115078576707,,,nan,,,,,,,
adam,4885,4885,0.011316137470820012,,,nan,,,,,,,
adam,4886,4886,0.01123302313297738,,,nan,,,,,,,
adam,4887,4887,0.011196083535060648,,,nan,,,,,,,
adam,4888,4888,0.0111958152755922,,,nan,,,,,,,
adam,4889,4889,0.01122298124602223,,,nan,,,,,,,
adam,4890,4890,0.011268039983312574,,,nan,,,,,,,
adam,4891,4891,0.01132866703885262,,,nan,,,,,,,
adam,4892,4892,0.01140192684231495,,,nan,,,,,,,
adam,4893,4893,0.011505982395326231,,,nan,,,,,,,
adam,4894,4894,0.011653959478330717,,,nan,,,,,,,
adam,4895,4895,0.011912448395751606,,,nan,,,,,,,
adam,4896,4896,0.012315406084624482,,,nan,,,,,,,
adam,4897,4897,0.01310293942410146,,,nan,,,,,,,
adam,4898,4898,0.014011494950600337,,,nan,,,,,,,
adam,4899,4899,0.015678320795613133,,,nan,,,,,,,
adam,4900,4900,0.015824960712311698,,,0.008007914882895623,,,,,,,
adam,4901,4901,0.015517674205755276,,,nan,,,,,,,
adam,4902,4902,0.012655127436404085,,,nan,,,,,,,
adam,4903,4903,0.011105321592105278,,,nan,,,,,,,
adam,4904,4904,0.01176791891669165,,,nan,,,,,,,
adam,4905,4905,0.013068062852049608,,,nan,,,,,,,
adam,4906,4906,0.013588081354002277,,,nan,,,,,,,
adam,4907,4907,0.012090318508493073,,,nan,,,,,,,
adam,4908,4908,0.011063267117858539,,,nan,,,,,,,
adam,4909,4909,0.011311560897992439,,,nan,,,,,,,
adam,4910,4910,0.012111387839694352,,,nan,,,,,,,
adam,4911,4911,0.012561491141458471,,,nan,,,,,,,
adam,4912,4912,0.01169662327111631,,,nan,,,,,,,
adam,4913,4913,0.01097773856842629,,,nan,,,,,,,
adam,4914,4914,0.010925620716814568,,,nan,,,,,,,
adam,4915,4915,0.01141022121818757,,,nan,,,,,,,
adam,4916,4916,0.011876398116067263,,,nan,,,,,,,
adam,4917,4917,0.011612028135675558,,,nan,,,,,,,
adam,4918,4918,0.011164669429762965,,,nan,,,,,,,
adam,4919,4919,0.010793945603773211,,,nan,,,,,,,
adam,4920,4920,0.010832480595265688,,,nan,,,,,,,
adam,4921,4921,0.011134235338399884,,,nan,,,,,,,
adam,4922,4922,0.011304964137242893,,,nan,,,,,,,
adam,4923,4923,0.011282860229312717,,,nan,,,,,,,
adam,4924,4924,0.010994409706754821,,,nan,,,,,,,
adam,4925,4925,0.01076391009273973,,,nan,,,,,,,
adam,4926,4926,0.010723898753746467,,,nan,,,,,,,
adam,4927,4927,0.010863784783423341,,,nan,,,,,,,
adam,4928,4928,0.011060100343630993,,,nan,,,,,,,
adam,4929,4929,0.011132081824299563,,,nan,,,,,,,
adam,4930,4930,0.011165817484810246,,,nan,,,,,,,
adam,4931,4931,0.011224200369420402,,,nan,,,,,,,
adam,4932,4932,0.011456669980991721,,,nan,,,,,,,
adam,4933,4933,0.012020157640865942,,,nan,,,,,,,
adam,4934,4934,0.01271324300310003,,,nan,,,,,,,
adam,4935,4935,0.013517867603087189,,,nan,,,,,,,
adam,4936,4936,0.013719605977128308,,,nan,,,,,,,
adam,4937,4937,0.013330814017281832,,,nan,,,,,,,
adam,4938,4938,0.012153164801746543,,,nan,,,,,,,
adam,4939,4939,0.011107131840050969,,,nan,,,,,,,
adam,4940,4940,0.010570874681207276,,,nan,,,,,,,
adam,4941,4941,0.01067877685300014,,,nan,,,,,,,
adam,4942,4942,0.01115482297361569,,,nan,,,,,,,
adam,4943,4943,0.011569932937328576,,,nan,,,,,,,
adam,4944,4944,0.011688080841363399,,,nan,,,,,,,
adam,4945,4945,0.0112457120190139,,,nan,,,,,,,
adam,4946,4946,0.010765189522061956,,,nan,,,,,,,
adam,4947,4947,0.010464503140470014,,,nan,,,,,,,
adam,4948,4948,0.010498909724762312,,,nan,,,,,,,
adam,4949,4949,0.010750517959337088,,,nan,,,,,,,
adam,4950,4950,0.010958583230200674,,,nan,,,,,,,
adam,4951,4951,0.011003246031765158,,,nan,,,,,,,
adam,4952,4952,0.01079344112455663,,,nan,,,,,,,
adam,4953,4953,0.010521606165233684,,,nan,,,,,,,
adam,4954,4954,0.010325981702145645,,,nan,,,,,,,
adam,4955,4955,0.010286585074182663,,,nan,,,,,,,
adam,4956,4956,0.01037675089438141,,,nan,,,,,,,
adam,4957,4957,0.010499737312955825,,,nan,,,,,,,
adam,4958,4958,0.010571501424514778,,,nan,,,,,,,
adam,4959,4959,0.010544194416328482,,,nan,,,,,,,
adam,4960,4960,0.010448781885923488,,,nan,,,,,,,
adam,4961,4961,0.010340618489468656,,,nan,,,,,,,
adam,4962,4962,0.010279783533490638,,,nan,,,,,,,
adam,4963,4963,0.010275793637883914,,,nan,,,,,,,
adam,4964,4964,0.010326515873867322,,,nan,,,,,,,
adam,4965,4965,0.010383832500029652,,,nan,,,,,,,
adam,4966,4966,0.010437366801505341,,,nan,,,,,,,
adam,4967,4967,0.010452770123188442,,,nan,,,,,,,
adam,4968,4968,0.010464880303094963,,,nan,,,,,,,
adam,4969,4969,0.010457851705601177,,,nan,,,,,,,
adam,4970,4970,0.010522196091807125,,,nan,,,,,,,
adam,4971,4971,0.010586537962787738,,,nan,,,,,,,
adam,4972,4972,0.010809895627483378,,,nan,,,,,,,
adam,4973,4973,0.010987733295628313,,,nan,,,,,,,
adam,4974,4974,0.01140551453730403,,,nan,,,,,,,
adam,4975,4975,0.011581097020940683,,,nan,,,,,,,
adam,4976,4976,0.011990226966270952,,,nan,,,,,,,
adam,4977,4977,0.011771256149533022,,,nan,,,,,,,
adam,4978,4978,0.011612436261613417,,,nan,,,,,,,
adam,4979,4979,0.010900555651446112,,,nan,,,,,,,
adam,4980,4980,0.010353739925863232,,,nan,,,,,,,
adam,4981,4981,0.0100001138183385,,,nan,,,,,,,
adam,4982,4982,0.00998323999207571,,,nan,,,,,,,
adam,4983,4983,0.01021905277149442,,,nan,,,,,,,
adam,4984,4984,0.01052350467942748,,,nan,,,,,,,
adam,4985,4985,0.010883340157164051,,,nan,,,,,,,
adam,4986,4986,0.01094388242478712,,,nan,,,,,,,
adam,4987,4987,0.011004399630690357,,,nan,,,,,,,
adam,4988,4988,0.010680064086149521,,,nan,,,,,,,
adam,4989,4989,0.010385032006995303,,,nan,,,,,,,
adam,4990,4990,0.010056399838154102,,,nan,,,,,,,
adam,4991,4991,0.009874217295673109,,,nan,,,,,,,
adam,4992,4992,0.009843736081509522,,,nan,,,,,,,
adam,4993,4993,0.00993084479750942,,,nan,,,,,,,
adam,4994,4994,0.01009426973371649,,,nan,,,,,,,
adam,4995,4995,0.010240542618655138,,,nan,,,,,,,
adam,4996,4996,0.010430499571615463,,,nan,,,,,,,
adam,4997,4997,0.010455512121855902,,,nan,,,,,,,
adam,4998,4998,0.010520336501976084,,,nan,,,,,,,
adam,4999,4999,0.010360872856602503,,,nan,,,,,,,
adam,5000,5000,0.01024177684229646,,,0.005340180874975989,,,,,,,
ssbroyden,6000,1,1.021919729308851e-05,1.0076538258549158e-05,1.4265903453935093e-07,8.23549788506749e-06,8.077117914999714e-06,1.5837997006777695e-07,0.0111079183209057,1.021919729308851e-05,11.744574397068252,True,1000
ssbroyden,7000,2,2.035250805324498e-06,2.011746243906573e-06,2.3504561417925083e-08,1.2008786070015317e-06,1.1615754564354786e-06,3.9303150566052974e-08,2.0109211614431395e-05,2.035250805324498e-06,3.484946747986554,True,1000
ssbroyden,8000,3,8.478939321729593e-07,8.40450932106142e-07,7.443000066817341e-09,4.512138788579551e-07,4.439315789225058e-07,7.28229993544929e-09,2.940770577442816e-06,8.478939321729593e-07,2.1973896603294163,True,1000
ssbroyden,9000,4,5.275404334237897e-07,5.190549109708275e-07,8.485522452962228e-09,2.645772430668266e-07,2.5806448194651524e-07,6.512761120311392e-09,1.1487624974168807e-06,5.275404334237897e-07,1.3185300765574381,True,1000
ssbroyden,10000,5,3.2355118948968106e-07,3.212237027496322e-07,2.3274867400488448e-09,1.6429151741118872e-07,1.621211530711807e-07,2.1703643400080156e-09,6.648344780275521e-07,3.2355118948968106e-07,1.2076954899748797,True,1000
ssbroyden,11000,6,2.2782508600622112e-07,2.243980994500886e-07,3.426986556132539e-09,1.1480773353005711e-07,1.1080595023988754e-07,4.001783290169575e-09,4.3979180375759794e-07,2.2782508600622112e-07,1.0118539061321485,True,1000
ssbroyden,12000,7,1.6826590763689766e-07,1.6750603434188188e-07,7.598732950157746e-10,8.264932150705618e-08,8.184247637026804e-08,8.06845136788143e-10,2.8901487233395233e-07,1.6826590763689766e-07,0.7791601400229624,True,1000
ssbroyden,13000,8,1.4701882976897049e-07,1.4454895542870614e-07,2.469874340264346e-09,7.14104013444983e-08,6.929562609874993e-08,2.1147752457483766e-09,2.1962939224640996e-07,1.4701882976897049e-07,0.5484467080781351,True,1000
ssbroyden,14000,9,1.1633474170925615e-07,1.1588732325118054e-07,4.474184580755964e-10,5.60535810918024e-08,5.5465113075305504e-08,5.884680164968956e-10,1.7470773795183004e-07,1.1633474170925615e-07,0.6069725350796489,True,1000
ssbroyden,15000,10,9.842216296036435e-08,9.699512892949819e-08,1.4270340308661666e-09,4.9142467883996424e-08,4.778177343241986e-08,1.3606944515765615e-09,1.468709048238328e-07,9.842216296036435e-08,0.5525982311389686,True,1000
ssbroyden,16000,11,8.682379520271004e-08,8.637297628412351e-08,4.5081891858652933e-10,4.020482336316433e-08,3.979863095337566e-08,4.0619240978867045e-10,1.2177102975923556e-07,8.682379520271004e-08,0.38409087733411146,True,1000
ssbroyden,17000,12,7.930095729140663e-08,7.809482865760938e-08,1.206128633797258e-09,3.707401542562695e-08,3.601253846758139e-08,1.0614769580455625e-09,1.0447092281277402e-07,7.930095729140663e-08,0.438390434115535,True,1000
ssbroyden,18000,13,6.856369282268619e-08,6.818911328289371e-08,3.745795397924852e-10,3.21944038520454e-08,3.1805713031114066e-08,3.8869082093133316e-10,9.474187335993202e-08,6.856369282268619e-08,0.39687582397319804,True,1000
ssbroyden,19000,14,6.62668410767059e-08,6.531020177031048e-08,9.566393063954105e-10,3.103091077487705e-08,3.0092087206403884e-08,9.388235684731648e-10,8.46269852581569e-08,6.62668410767059e-08,0.27961138117273837,True,1000
ssbroyden,20000,15,6.295861670082573e-08,6.253161574579668e-08,4.2700095502904933e-10,2.8059342107357373e-08,2.7545205695488127e-08,5.141364118692459e-10,8.041608809440119e-08,6.295861670082573e-08,0.2281447441549379,True,1000
ssbroyden,21000,16,5.977006540697159e-08,5.8903921742083746e-08,8.661436648878466e-10,2.7500910202152553e-08,2.652224457034582e-08,9.786656318067346e-10,7.225583616529412e-08,5.977006540697159e-08,0.2658677688708145,True,1000
ssbroyden,22000,17,5.5514527178841255e-08,5.516459995464893e-08,3.4992722419232554e-10,2.4449241535899756e-08,2.409084624830097e-08,3.5839528759878596e-10,7.102966555942792e-08,5.5514527178841255e-08,0.26601922187626026,True,1000
ssbroyden,23000,18,5.316455462085934e-08,5.2398768750561464e-08,7.657858702978718e-10,2.3789562091802453e-08,2.3040087286768686e-08,7.494748050337675e-10,6.392314090394088e-08,5.316455462085934e-08,0.20546527629443337,True,1000
ssbroyden,24000,19,5.0547889313609884e-08,5.016670035203562e-08,3.8118896157426235e-10,2.2212912874062914e-08,2.1803047896310662e-08,4.0986497775225045e-10,6.085221295634339e-08,5.0547889313609884e-08,0.23898654664026156,True,1000
ssbroyden,25000,20,4.817630672833307e-08,4.751212826441904e-08,6.641784639140322e-10,2.1739539430588408e-08,2.1021707810881436e-08,7.178316197069725e-10,5.88994287775826e-08,4.817630672833307e-08,0.2359485055140548,True,1000
ssbroyden,26000,21,4.450332785226092e-08,4.4211765397353115e-08,2.91562454907804e-10,1.982250180898665e-08,1.9517643413850655e-08,3.0485839513599594e-10,5.488511663122394e-08,4.450332785226092e-08,0.2470039639330503,True,1000
ssbroyden,27000,22,4.313171908186532e-08,4.2477930560358116e-08,6.537885215072059e-10,1.915867881348847e-08,1.861164043633388e-08,5.470383771545899e-10,5.2509493406191585e-08,4.313171908186532e-08,0.23063138051253926,True,1000
ssbroyden,28000,23,4.0734568862673895e-08,4.0433039378407136e-08,3.015294842667611e-10,1.804321181752069e-08,1.7711557484176527e-08,3.3165433334416243e-10,5.0101118045118644e-08,4.0734568862673895e-08,0.22610598322295067,True,1000
ssbroyden,29000,24,3.8991118522246355e-08,3.840506295453877e-08,5.860555677075858e-10,1.7423948684731354e-08,1.6792521850021445e-08,6.314268347099097e-10,4.7013253346134776e-08,3.8991118522246355e-08,0.22604252678552259,True,1000
ssbroyden,30000,25,3.71200350147217e-08,3.680528851113689e-08,3.147465035848139e-10,1.6390897879476077e-08,1.6106530310334974e-08,2.843675691411017e-10,4.472571307880824e-08,3.71200350147217e-08,0.18228098551071617,True,1000
ssbroyden,31000,26,3.6228697613334756e-08,3.568802646463931e-08,5.406711486954439e-10,1.650686111259799e-08,1.5936297020305765e-08,5.705640922922254e-10,4.2026705502575285e-08,3.6228697613334756e-08,0.18592908202040637,True,1000
ssbroyden,32000,27,3.507119285549519e-08,3.476159937933323e-08,3.095934761619579e-10,1.5192263296291045e-08,1.489781133961581e-08,2.944519566752344e-10,4.090065555742822e-08,3.507119285549519e-08,0.16106608200900055,True,1000
ssbroyden,33000,28,3.449921825990756e-08,3.3957882709854506e-08,5.413355500530509e-10,1.5422907445571827e-08,1.4867919262309112e-08,5.549881832627169e-10,4.0683319464971656e-08,3.449921825990756e-08,0.16762075981471153,True,1000
ssbroyden,34000,29,3.322552938632728e-08,3.293053971307209e-08,2.9498967325519633e-10,1.534086679909484e-08,1.5003588851455995e-08,3.372779476388462e-10,3.871770470614426e-08,3.322552938632728e-08,0.14815958945647636,True,1000
ssbroyden,35000,30,3.262481224940835e-08,3.214968540731486e-08,4.751268420934927e-10,1.4217993208070464e-08,1.3738154275859003e-08,4.79838932211461e-10,3.747116863468847e-08,3.262481224940835e-08,0.14690409413148398,True,1000
ssbroyden,36000,31,3.104938723487596e-08,3.076174102487667e-08,2.8764620999928863e-10,1.4304518803793576e-08,1.403212493634159e-08,2.723938674519869e-10,3.603961644928218e-08,3.104938723487596e-08,0.18374527621420844,True,1000
ssbroyden,37000,32,2.990290699260608e-08,2.9448101877889698e-08,4.5480511471637803e-10,1.3109605496025852e-08,1.2657111963763603e-08,4.5249353226224826e-10,3.4890399657673175e-08,2.990290699260608e-08,0.15491209180358045,True,1000
ssbroyden,38000,33,2.9574073706903222e-08,2.930076626852324e-08,2.733074383799828e-10,1.2643815256438673e-08,1.239227454959769e-08,2.5154070684098416e-10,3.340988257324226e-08,2.9574073706903222e-08,0.12039106687876738,True,1000
ssbroyden,39000,34,2.9112608042014976e-08,2.8696989051878867e-08,4.156189901361077e-10,1.2536622961083762e-08,1.215832177968446e-08,3.7830118139930175e-10,3.3188901841712494e-08,2.9112608042014976e-08,0.11621084534405796,True,1000
ssbroyden,40000,35,2.8717533549257144e-08,2.84377136317398e-08,2.798199175173441e-10,1.223123412831285e-08,1.1934986229380156e-08,2.9624789893269277e-10,3.2601649101567086e-08,2.8717533549257144e-08,0.14079517688964938,True,1000
ssbroyden,41000,36,2.738104475317206e-08,2.6992842462488577e-08,3.882022906834851e-10,1.1996355066865205e-08,1.159178545436717e-08,4.0456961249803427e-10,3.132062563977895e-08,2.738104475317206e-08,0.14327588582982756,True,1000
ssbroyden,42000,37,2.6963777778797708e-08,2.6699306387187338e-08,2.6447139161036877e-10,1.141755024135115e-08,1.115568454743029e-08,2.6186569392086064e-10,3.064799447634461e-08,2.6963777778797708e-08,0.11566220013074055,True,1000
ssbroyden,43000,38,2.6584807336472417e-08,2.6190983818261264e-08,3.9382351821115245e-10,1.1349691085326868e-08,1.0922490603734478e-08,4.2720048159238927e-10,2.9851611522828526e-08,2.6584807336472417e-08,0.12121222236297965,True,1000
ssbroyden,44000,39,2.578422040025758e-08,2.552329243086674e-08,2.6092796939083835e-10,1.0883221828181789e-08,1.0609913278601272e-08,2.733085495805178e-10,2.9473595418913567e-08,2.578422040025758e-08,0.1431897244573943,True,1000
ssbroyden,45000,40,2.4993273421169625e-08,2.4618827852361418e-08,3.744455688082088e-10,1.0694985229911323e-08,1.0319788142272884e-08,3.7519708763843996e-10,2.8494965373915263e-08,2.4993273421169625e-08,0.11497127677330472,True,1000
ssbroyden,46000,41,2.5064963579509543e-08,2.4808592795481036e-08,2.563707840285068e-10,1.05030821657636e-08,1.0264039163341777e-08,2.3904300242182256e-10,2.7744683309757728e-08,2.5064963579509543e-08,0.09413918841019818,True,1000
ssbroyden,47000,42,2.496754927066912e-08,2.4608322425857217e-08,3.5922684481190473e-10,1.0379460864364352e-08,9.997790799863346e-09,3.8167006450100616e-10,2.8306758257203492e-08,2.496754927066912e-08,0.0938743616971417,True,1000
ssbroyden,48000,43,2.3860350627089708e-08,2.36405336891485e-08,2.1981693794120705e-10,1.010717277753355e-08,9.862520792116858e-09,2.4465198541669216e-10,2.6560032390815057e-08,2.3860350627089708e-08,0.11380071653153198,True,1000
ssbroyden,49000,44,2.3198921317380575e-08,2.2838275140006493e-08,3.606461773740802e-10,9.912961018011725e-09,9.548192523451603e-09,3.647684945601219e-10,2.632193518175969e-08,2.3198921317380575e-08,0.13526757555222568,True,1000
ssbroyden,50000,45,2.250168967430682e-08,2.2279067368046634e-08,2.2262230626018607e-10,9.557927193268027e-09,9.320900976289423e-09,2.3702621697860367e-10,2.5817360186013558e-08,2.250168967430682e-08,0.12904399584563245,True,1000
ssbroyden,51000,46,2.2310157238029056e-08,2.1981966587659402e-08,3.2819065036965355e-10,9.55514077075829e-09,9.214763694805733e-09,3.403770759525578e-10,2.526029206541637e-08,2.2310157238029056e-08,0.10811710680104133,True,1000
ssbroyden,52000,47,2.2051282501129663e-08,2.1835531040201117e-08,2.157514609285454e-10,9.155896442689247e-09,8.954978452876303e-09,2.0091798981294402e-10,2.5295374704430156e-08,2.2051282501129663e-08,0.09304598720627937,True,1000
ssbroyden,53000,48,2.1858171743873792e-08,2.1554922143745662e-08,3.032496001281296e-10,9.062668280425136e-09,8.737030915044942e-09,3.25637365380194e-10,2.40347420343922e-08,2.1858171743873792e-08,0.09103355904167128,True,1000
ssbroyden,54000,49,2.15274315538266e-08,2.132319654277254e-08,2.0423501105406058e-10,8.762223858639505e-09,8.556902846627943e-09,2.0532101201156074e-10,2.4221020913831374e-08,2.15274315538266e-08,0.09450982462437842,True,1000
ssbroyden,55000,50,2.161241622873585e-08,2.132600018322322e-08,2.864160455126274e-10,8.841559031986294e-09,8.546928874735873e-09,2.946301572504215e-10,2.3443865711773404e-08,2.161241622873585e-08,0.05779352236106575,True,1000
